SOL·LICITUD,NOM,TRAMITAT,POTÈNCIA (MW),SUPERFÍCIE (Ha),MUNICIPI,CODI  MUNICIPI,COMARCA,CODI COMARCA,VEGUERIA,SUPERFÍCIE AL MUNICIPI (Ha),SOL·LICITANT,ESTAT,TIPUS DE SÒL,TRÀMIT AMBIENTAL,ESTAT AMBIENTAL,DATA PONÈNCIA,SENTIT ACORD
DICT25-00006603-2018,PSFV Sant Domènec 780kW,Catalunya,0.78,1.2,"Portella, la",251749,Segrià,33,Lleida,1.2,"Sociedad Cooperativa Sant Domènec, SCL",Autoritzat,Sòl no urbanitzable,No supòsit d'AIA,Informat,,
DICT25-00006606-2018,PSFV Sant Domènec 480kW,Catalunya,0.48,0.93,"Portella, la",251749,Segrià,33,Lleida,0.93,"Sociedad Cooperativa Sant Domènec, SCL",Autoritzat,Sòl no urbanitzable,No supòsit d'AIA,Informat,,
FUE-2020-01663938,PSFV Solar Jupiter (Renventure),Catalunya,5,7.15,"Arboç, l'",430167,Baix Penedès,12,Penedès,7.15,SOLAR JUPITER,Autoritzat,Sòl no urbanitzable,No supòsit d'AIA,Informat,,
FUE-2020-01664062,PSFV Calaf,Catalunya,3,5.3,Sant Pere Sallavinera,081897,Anoia,06,Catalunya Central,5.3,SOLAR LLOCH SL,Autoritzat,Sòl no urbanitzable,No supòsit d'AIA,Informat,,
FUE-2020-01785090,PSFV La Caseta Capmany,Catalunya,0.945,1.7,Capmany,170427,Alt Empordà,02,Girona,1.7,"Let's Surf, SL",Autoritzat,Sòl no urbanitzable,No supòsit d'AIA,Informat,,
FUE-2020-01791404,PSFV Mas Roig,Catalunya,5.4,12.15,Castelldans,250674,Garrigues,18,Lleida,12.15,PLA FINANCER SA,Autoritzat,Sòl no urbanitzable,Supòsit d'AIA,DIA/IIA Finalitzats,01/09/2022,No cal AIA ordinària
FUE-2020-01802975,PSFV Els Valentins Eguzki Solarcat,Catalunya,9,16.6,Ulldecona,431567,Montsià,22,Terres de l'Ebre,16.6,"EGUZKI SOLARCAT, S.L.",Autoritzat,Sòl no urbanitzable,Supòsit d'AIA,DIA/IIA Finalitzats,03/11/2022,No cal AIA ordinària
FUE-2020-01805239,PSFV Rufete Solar,Catalunya,50,88.9,Alcarràs,250117,Segrià,33,Lleida,88.7,"Rufete Solar,SL",Autoritzat,Sòl no urbanitzable,Supòsit d'AIA,DIA/IIA Finalitzats,02/06/2022,DIA Favorable
FUE-2020-01805239,PSFV Rufete Solar,Catalunya,0,0,Lleida,251207,Segrià,33,Lleida,0.2,"Rufete Solar,SL",Autoritzat,Sòl no urbanitzable,Supòsit d'AIA,DIA/IIA Finalitzats,02/06/2022,DIA Favorable
FUE-2020-01805537,PSFV Ulldecona,Catalunya,3.9,5.2,Ulldecona,431567,Montsià,22,Terres de l'Ebre,5.2,"SOLAR CALDERS, S.L.",Autoritzat,Sòl no urbanitzable,No supòsit d'AIA,Modificat,,
FUE-2020-01808183,PSFV Juno Solar 1,Catalunya,49.97,70.95,Alcarràs,250117,Segrià,33,Lleida,70.95,SOLARIA PROMOCION Y DESARROLLO FOTOVOLTAICO S.L.,Autoritzat,Sòl no urbanitzable,Supòsit d'AIA,DIA/IIA Finalitzats,06/10/2022,DIA Favorable
FUE-2020-01808221,PSFV Volans Solar 1,Catalunya,49.97,74.5,Alcarràs,250117,Segrià,33,Lleida,74.5,SOLARIA PROMOCION Y DESARROLLO FOTOVOLTAICO S.L.,Autoritzat,Sòl no urbanitzable,Supòsit d'AIA,DIA/IIA Finalitzats,06/10/2022,DIA Favorable
FUE-2020-01808840,PSFV Volans Solar 2,Catalunya,49.97,81.9,Alcarràs,250117,Segrià,33,Lleida,81.9,SOLARIA PROMOCION Y DESARROLLO FOTOVOLTAICO S.L.,Autoritzat,Sòl no urbanitzable,Supòsit d'AIA,DIA/IIA Finalitzats,06/10/2022,DIA Favorable
FUE-2020-01809275,PSFV Solar Park Cardener,Catalunya,2.97,4.5,Navàs,081419,Bages,07,Catalunya Central,4.5,"Solar Park Cardener, SL",Autoritzat,Sòl no urbanitzable,No supòsit d'AIA,Informat,,
FUE-2020-01809364,PSFV La Vinya,Catalunya,1.98,3.5,Cardona,080478,Bages,07,Catalunya Central,3.5,"Solar Park Vall de Coma, SL",Autoritzat,Sòl no urbanitzable,No supòsit d'AIA,Informat,,
FUE-2020-01810168,PSFV Merlot Solar,Catalunya,35.91,66.7,Cabra del Camp,430363,Alt Camp,01,Camp de Tarragona,66.7,"Merlot Solar, SL",Autoritzat,Sòl no urbanitzable,Supòsit d'AIA,DIA/IIA Finalitzats,07/07/2022,DIA Favorable
FUE-2020-01812389,PSFV RIALB,Catalunya,2.75,4.61,"Baronia de Rialb, la",250426,Noguera,23,Lleida,4.61,"SUBESTACIÓ ELÈCTRICA GURB, A.I.E",Autoritzat,Sòl no urbanitzable,No supòsit d'AIA,Informat,,
FUE-2020-01814308,PSFV Almenara Solar,Catalunya,48.29,78,"Pla de Santa Maria, el",431080,Alt Camp,01,Camp de Tarragona,78,"Almenara Solar, SL",Autoritzat,Sòl no urbanitzable,Supòsit d'AIA,DIA/IIA Finalitzats,07/07/2022,DIA Favorable
FUE-2020-01816469,PSFV Rascon Solar,Catalunya,50,104.6,Alcarràs,250117,Segrià,33,Lleida,104.6,"RASCON SOLAR, SL",Autoritzat,Sòl no urbanitzable,Supòsit d'AIA,DIA/IIA Finalitzats,03/11/2022,DIA Favorable
FUE-2020-01818306,PSFV Jilguero Solar,Catalunya,50,61.5,Alcarràs,250117,Segrià,33,Lleida,61.5,"Jilguero Solar, SL",Autoritzat,Sòl no urbanitzable,Supòsit d'AIA,DIA/IIA Finalitzats,02/06/2022,DIA Favorable
FUE-2020-01818968,PSFV Rabilargo Solar,Catalunya,50,60.8,Alcarràs,250117,Segrià,33,Lleida,60.8,"Rabilargo Solar, SL",Autoritzat,Sòl no urbanitzable,Supòsit d'AIA,DIA/IIA Finalitzats,01/09/2022,DIA Favorable
FUE-2020-01819972,PSFV Carbeso Solar,Catalunya,44.43,76,Pujalt,081764,Anoia,06,Catalunya Central,76,"Carbeso Solar, S.L.",Autoritzat,Sòl no urbanitzable,Supòsit d'AIA,DIA/IIA Finalitzats,01/12/2022,DIA Favorable
FUE-2020-01821581,PSFV Aspillera Solar,Catalunya,46.3,61.4,Bellprat,080214,Anoia,06,Penedès,61.4,"ASPILLERA SOLAR, S.L.",Autoritzat,Sòl no urbanitzable,Supòsit d'AIA,DIA/IIA Finalitzats,12/01/2023,DIA Favorable
FUE-2020-01821752,PSFV Castellfollit,Catalunya,37.77,75.3,Castellfollit del Boix,080594,Bages,07,Catalunya Central,75.3,"Xaloc Solar, SL",Autoritzat,Sòl no urbanitzable,Supòsit d'AIA,DIA/IIA Finalitzats,01/12/2022,No cal AIA ordinària
FUE-2020-01821858,PSFV Escribano Solar,Catalunya,44.9,68,Òdena,081430,Anoia,06,Penedès,68,"ESCRIBANO SOLAR, S.L.",Autoritzat,Sòl no urbanitzable,Supòsit d'AIA,DIA/IIA Finalitzats,12/01/2023,DIA Favorable
FUE-2020-01822034,PSFV Adeje Solar,Catalunya,47.5,108,"Cogul, el",250766,Garrigues,18,Lleida,91,"ADEJE SOLAR, S.L.",Autoritzat,Sòl no urbanitzable,Supòsit d'AIA,DIA/IIA Finalitzats,19/01/2023,DIA Favorable
FUE-2020-01822034,PSFV Adeje Solar,Catalunya,0,0,Granyena de les Garrigues,251057,Garrigues,18,Lleida,17,"ADEJE SOLAR, S.L.",Autoritzat,Sòl no urbanitzable,Supòsit d'AIA,DIA/IIA Finalitzats,19/01/2023,DIA Favorable
FUE-2020-01822527,PSFV Matacán Solar,Catalunya,44.46,55.5,Sant Martí de Tous,082264,Anoia,06,Penedès,46.84,"MATACÁN SOLAR, S.L.",Autoritzat,Sòl no urbanitzable,Supòsit d'AIA,DIA/IIA Finalitzats,19/01/2023,DIA Favorable
FUE-2020-01822527,PSFV Matacán Solar,Catalunya,0,0,Jorba,081038,Anoia,06,Penedès,8.66,"MATACÁN SOLAR, S.L.",Autoritzat,Sòl no urbanitzable,Supòsit d'AIA,DIA/IIA Finalitzats,19/01/2023,DIA Favorable
FUE-2020-01824311,PSFV Calders,Catalunya,21.06,22.8,Calders,080348,Moianès,42,Catalunya Central,22.8,"Meroil Sun Light 3, S.L.U.",Autoritzat,Sòl no urbanitzable,Supòsit d'AIA,DIA/IIA Finalitzats,19/01/2023,No cal AIA ordinària
FUE-2020-01825255,PSFV ASCÓ,Catalunya,2.31,3.7,Ascó,430192,Ribera d'Ebre,30,Terres de l'Ebre,3.7,"SUBESTACIÓ ELÈCTRICA GURB, A.I.E.",Autoritzat,Sòl no urbanitzable,No supòsit d'AIA,Informat,,
FUE-2020-01827214,PSFV Els Alamús,Catalunya,0.8,2.2,"Alamús, els",250045,Segrià,33,Lleida,2.2,"Energía, Innovación y Desarrollo Fotovoltaico, S",Autoritzat,Sòl no urbanitzable,No supòsit d'AIA,Informat,,
FUE-2020-01827358,PSFV Vila-sana,Catalunya,0.8,2.15,Vila-sana,252521,Pla d'Urgell,27,Lleida,2.15,"Energía, Innovación y Desarrollo Fotovoltaico, S",Autoritzat,Sòl no urbanitzable,No supòsit d'AIA,Informat,,
FUE-2020-01828059,PSFV Granyanella 1,Catalunya,3.63,7.3,Granyanella,251039,Segarra,32,Lleida,7.3,"Subestació Elèctrica Gurb, AIE",Autoritzat,Sòl no urbanitzable,No supòsit d'AIA,Informat,,
FUE-2020-01829966,PSFV Aurelio Cortada,Catalunya,0.75,1.34,Bell-lloc d'Urgell,250485,Pla d'Urgell,27,Lleida,1.34,Aurelio Cortada Jornet,Autoritzat,Sòl no urbanitzable,No supòsit d'AIA,Informat,,
FUE-2020-01830385,PSFV Juneda,Catalunya,0.8,1.38,Juneda,251193,Garrigues,18,Lleida,1.38,"Energía, Innovación y Desarrollo Fotovoltaico, S",Autoritzat,Sòl no urbanitzable,No supòsit d'AIA,Informat,,
FUE-2020-01831639,PSFV Sant Miquel Solar,Catalunya,25,46.7,Alcoletge,250122,Segrià,33,Lleida,46.7,"Parque Solar Energy 02, SL",Autoritzat,Sòl no urbanitzable,Supòsit d'AIA,DIA/IIA Finalitzats,19/01/2023,No cal AIA ordinària
FUE-2020-01831746,PSFV Sol del Segre I,Catalunya,21.5,47.06,Lleida,251207,Segrià,33,Lleida,47.06,"HEKLA SOLAR, SL",Autoritzat,Sòl no urbanitzable,Supòsit d'AIA,DIA/IIA Finalitzats,03/11/2022,No cal AIA ordinària
FUE-2020-01831886,PSFV Carrerada,Catalunya,24.8,46,Pujalt,081764,Anoia,06,Catalunya Central,46,"ENERGÍAS RENOVABLES DE GLADIATEUR 28, S.L.",Autoritzat,Sòl no urbanitzable,Supòsit d'AIA,DIA/IIA Finalitzats,19/01/2023,No cal AIA ordinària
FUE-2020-01833065,PSFV La Fortesa,Catalunya,25,52.86,Sant Pere Sallavinera,081897,Anoia,06,Catalunya Central,52.86,"ENERGIAS RENOVABLES DE GLADIATEUR 21, S.L.",Autoritzat,Sòl no urbanitzable,Supòsit d'AIA,DIA/IIA Finalitzats,19/01/2023,DIA Favorable
FUE-2020-01833072,PSFV Montfalcó,Catalunya,24.8,51.01,Veciana,082975,Anoia,06,Catalunya Central,25.84,"ENERGIA INAGOTABLE DE DORADO,S.L.",Autoritzat,Sòl no urbanitzable,Supòsit d'AIA,DIA/IIA Finalitzats,19/01/2023,No cal AIA ordinària
FUE-2020-01833072,PSFV Montfalcó,Catalunya,0,0,Pujalt,081764,Anoia,06,Catalunya Central,25.17,"ENERGIA INAGOTABLE DE DORADO,S.L.",Autoritzat,Sòl no urbanitzable,Supòsit d'AIA,DIA/IIA Finalitzats,19/01/2023,No cal AIA ordinària
FUE-2020-01833076,PSFV La Montsona 1,Catalunya,41.3,72.42,Llardecans,251253,Segrià,33,Lleida,72.42,"Energies Renovables de Onuris, SL",Autoritzat,Sòl no urbanitzable,Supòsit d'AIA,DIA/IIA Finalitzats,11/05/2023,No cal AIA ordinària
FUE-2020-01833088,PSFV Sebes,Catalunya,41.3,78,Ascó,430192,Ribera d'Ebre,30,Terres de l'Ebre,78,"ENERGÍAS RENOVABLES DE POSEIDON, SL",Autoritzat,Sòl no urbanitzable,Supòsit d'AIA,DIA/IIA Finalitzats,12/01/2023,No cal AIA ordinària
FUE-2020-01833091,PSFV Tres Tossals,Catalunya,11,25.58,Navàs,081419,Bages,07,Catalunya Central,25.58,"ENERGIAS RENOVABLES DE GLADIATEUR 20, S.L.",Autoritzat,Sòl no urbanitzable,Supòsit d'AIA,DIA/IIA Finalitzats,19/01/2023,No cal AIA ordinària
FUE-2020-01833174,PSFV Auliver,Catalunya,27.5,53.6,Llardecans,251253,Segrià,33,Lleida,53.6,"Auliver Solar, SL",Autoritzat,Sòl no urbanitzable,Supòsit d'AIA,DIA/IIA Finalitzats,19/01/2023,No cal AIA ordinària
FUE-2020-01833321,PSFV Costa Gran,Catalunya,28,47.37,Isona i Conca Dellà,251155,Pallars Jussà,25,Alt Pirineu i Aran,47.37,"Energies Renovables Terra Ferma, SL",Autoritzat,Sòl no urbanitzable,Supòsit d'AIA,DIA/IIA Finalitzats,16/02/2023,DIA Favorable
FUE-2020-01833322,PSFV Les Alzineres,Catalunya,40,60.91,Isona i Conca Dellà,251155,Pallars Jussà,25,Alt Pirineu i Aran,60.91,"Energies Renovables Terra Ferma, SL",Autoritzat,Sòl no urbanitzable,Supòsit d'AIA,DIA/IIA Finalitzats,16/02/2023,DIA Favorable
FUE-2020-01833325,PSFV Neret,Catalunya,35,50.35,Tremp,252347,Pallars Jussà,25,Alt Pirineu i Aran,50.35,"Energies Renovables Terra Ferma, SL",Autoritzat,Sòl no urbanitzable,Supòsit d'AIA,DIA/IIA Finalitzats,16/02/2023,DIA Favorable
FUE-2020-01834153,PSFV Sopena Els Alamús,Catalunya,2,3.7,"Alamús, els",250045,Segrià,33,Lleida,3.7,"Explotaciones Empresariales, SL",Autoritzat,Sòl no urbanitzable,No supòsit d'AIA,,,
FUE-2020-01835320,PSFV Sant Feliu de Buixalleu II,Catalunya,3.5,5.53,Sant Feliu de Buixalleu,171595,Selva,34,Girona,5.53,"Agrollum Solar, SL",Autoritzat,Sòl no urbanitzable,Supòsit d'AIA,DIA/IIA Finalitzats,23/02/2022,No cal AIA ordinària
FUE-2020-01836421,PSFV Esporc,Catalunya,1.98,3,Tona,082830,Osona,24,Catalunya Central,3,"Esporc, SA",Autoritzat,Sòl no urbanitzable,No supòsit d'AIA,Informat,,
FUE-2020-01837310,PSFV AENA Aeroport Barcelona El Prat,Catalunya,10,17.3,"Prat de Llobregat, el",081691,Baix Llobregat,11,Barcelona,17.3,"Aena Sociedad Mercantil Estatal, S.A.",Autoritzat,Sòl no urbanitzable,Supòsit d'AIA,DIA/IIA Finalitzats,03/11/2022,No cal AIA ordinària
FUE-2020-01837395,PSFV Tordera 2,Catalunya,1.98,3.14,Granyanella,251039,Segarra,32,Lleida,3.14,"SUBESTACIÓ ELÈCTRICA GURB, A.I.E",Autoritzat,Sòl no urbanitzable,No supòsit d'AIA,Informació Pública (DOGC),,
FUE-2020-01838151,PSFV Casademont I,Catalunya,0.875,1.44,Palol de Revardit,171236,Pla de l'Estany,28,Girona,1.44,"Torralbe Solar, SL",Autoritzat,Sòl no urbanitzable,No supòsit d'AIA,Informat,,
FUE-2020-01840210,PSFV Casademont II,Catalunya,0.875,1.7,Palol de Revardit,171236,Pla de l'Estany,28,Girona,1.7,"Torralbe Solar, SL",Autoritzat,Sòl no urbanitzable,No supòsit d'AIA,Informat,,
FUE-2020-01840258,PSFV La Ribera I,Catalunya,15,23.16,Garcia,430653,Ribera d'Ebre,30,Terres de l'Ebre,23.16,"ENERGIES RENOVABLES TERRA FERMA, SL",Autoritzat,Sòl no urbanitzable,Supòsit d'AIA,DIA/IIA Finalitzats,19/01/2023,No cal AIA ordinària
FUE-2020-01846404,PSFV Cervera 1,Catalunya,4.2,7.97,Cervera,250729,Segarra,32,Lleida,7.97,"PARSOSY BANNAS, SL",Autoritzat,Sòl no urbanitzable,Supòsit d'AIA,DIA/IIA Finalitzats,01/12/2022,No cal AIA ordinària
FUE-2021-01857076,PSFV La Galera IV,Catalunya,2,2.11,"Galera, la",430635,Montsià,22,Terres de l'Ebre,2.11,"FREE POWER, S.L.",Autoritzat,Sòl no urbanitzable,No supòsit d'AIA,Modificat,,
FUE-2021-01869204,PSFV Ulldecona I,Catalunya,2,1.9,Ulldecona,431567,Montsià,22,Terres de l'Ebre,1.9,"FREE POWER, S.L.",Autoritzat,Sòl no urbanitzable,No supòsit d'AIA,Modificat,,
FUE-2021-01873989,PSFV La Foradada,Catalunya,0.875,3,Foradada,250946,Noguera,23,Lleida,3,"IBERVALTIA ENERGY, SL",Autoritzat,Sòl no urbanitzable,No supòsit d'AIA,Informat,,
FUE-2021-01890805,PSFV Els Mallols,Catalunya,2,6.2,Talarn,252154,Pallars Jussà,25,Alt Pirineu i Aran,6.2,Talavera Solar SL,Autoritzat,Sòl no urbanitzable,No supòsit d'AIA,Informació Pública (DOGC),,
FUE-2021-01927509,PSFV Els Emprius,Catalunya,26.55,45.75,Maials,251333,Segrià,33,Lleida,45.75,"Energía Inagotable del Proyecto Els Emprius, SL",Autoritzat,Sòl no urbanitzable,Supòsit d'AIA,DIA/IIA Finalitzats,30/03/2023,No cal AIA ordinària
FUE-2021-01931468,PSFV BEUDA SP,Catalunya,3.5,5.13,Beuda,170216,Garrotxa,19,Girona,5.13,"LC Paper 1881, SA",Autoritzat,Sòl no urbanitzable,No supòsit d'AIA,Informat,,
FUE-2021-01932032,PSFV Pla dels Caçadors,Catalunya,35.4,58.22,Llardecans,251253,Segrià,33,Lleida,31.44,"Energia Inagotable de Izar, SL",Autoritzat,Sòl no urbanitzable,Supòsit d'AIA,DIA/IIA Finalitzats,06/06/2024,No cal AIA ordinària
FUE-2021-01932032,PSFV Pla dels Caçadors,Catalunya,0,0,Seròs,252043,Segrià,33,Lleida,26.78,"Energia Inagotable de Izar, SL",Autoritzat,Sòl no urbanitzable,Supòsit d'AIA,DIA/IIA Finalitzats,06/06/2024,No cal AIA ordinària
FUE-2021-01932045,PSFV Planes de l'Ovella,Catalunya,19.294,23.6,Seròs,252043,Segrià,33,Lleida,21.5,"Energia Inagotable de Dafne, SL",Autoritzat,Sòl no urbanitzable,Supòsit d'AIA,DIA/IIA Finalitzats,02/05/2024,No cal AIA ordinària
FUE-2021-01932045,PSFV Planes de l'Ovella,Catalunya,0,0,Almatret,250208,Segrià,33,Lleida,2.1,"Energia Inagotable de Dafne, SL",Autoritzat,Sòl no urbanitzable,Supòsit d'AIA,DIA/IIA Finalitzats,02/05/2024,No cal AIA ordinària
FUE-2021-01936764,PSFV El Juncar,Catalunya,42,76.53,Talarn,252154,Pallars Jussà,25,Alt Pirineu i Aran,73.4,"ENERGIA INAGOTABLE DE MEISSA, SL",Autoritzat,Sòl no urbanitzable,Supòsit d'AIA,DIA/IIA Finalitzats,07/09/2023,DIA Favorable
FUE-2021-01936764,PSFV El Juncar,Catalunya,0,0,Tremp,252347,Pallars Jussà,25,Alt Pirineu i Aran,3.13,"ENERGIA INAGOTABLE DE MEISSA, SL",Autoritzat,Sòl no urbanitzable,Supòsit d'AIA,DIA/IIA Finalitzats,07/09/2023,DIA Favorable
FUE-2021-01936767,PSFV Els Rasos,Catalunya,24.56,34.18,"Torms, els",252249,Garrigues,18,Lleida,17.68,"ENERGIA INAGOTABLE DE DSETA, S.L.",Autoritzat,Sòl no urbanitzable,Supòsit d'AIA,DIA/IIA Finalitzats,07/09/2023,No cal AIA ordinària
FUE-2021-01936767,PSFV Els Rasos,Catalunya,0,0,"Soleràs, el",252069,Garrigues,18,Lleida,16.5,"ENERGIA INAGOTABLE DE DSETA, S.L.",Autoritzat,Sòl no urbanitzable,Supòsit d'AIA,DIA/IIA Finalitzats,07/09/2023,No cal AIA ordinària
FUE-2021-01936773,PSFV Els Mallols 2,Catalunya,30.97,53,Granyena de les Garrigues,251057,Garrigues,18,Lleida,31,"ENERGIA INAGOTABLE DE DELTA, S.L",Autoritzat,Sòl no urbanitzable,Supòsit d'AIA,DIA/IIA Finalitzats,05/10/2023,No cal AIA ordinària
FUE-2021-01936773,PSFV Els Mallols 2,Catalunya,0,0,"Soleràs, el",252069,Garrigues,18,Lleida,22,"ENERGIA INAGOTABLE DE DELTA, S.L",Autoritzat,Sòl no urbanitzable,Supòsit d'AIA,DIA/IIA Finalitzats,05/10/2023,No cal AIA ordinària
FUE-2021-01936774,PSFV Morellols,Catalunya,42,71.2,Castell de Mur,259046,Pallars Jussà,25,Alt Pirineu i Aran,71.2,"ENERGIA INAGOTABLE DE LEDA, S.L",Autoritzat,Sòl no urbanitzable,Supòsit d'AIA,DIA/IIA Finalitzats,05/10/2023,DIA Favorable
FUE-2021-01949911,PSFV Anoia Hive,Catalunya,10,21.19,Sant Pere Sallavinera,081897,Anoia,06,Catalunya Central,21.19,"VIA SOLAR ANOIA, S.L.",Autoritzat,Sòl no urbanitzable,Supòsit d'AIA,DIA/IIA Finalitzats,13/04/2023,DIA Favorable
FUE-2021-01975165,PSFV Les Canaletes,Catalunya,25,53.33,Anglesola,250273,Urgell,38,Lleida,53.33,"Bellingen Invest, SL",Autoritzat,Sòl no urbanitzable,Supòsit d'AIA,DIA/IIA Finalitzats,02/03/2023,No cal AIA ordinària
FUE-2021-01975575,PSFV Mas Pinós,Catalunya,2.97,5.22,Tiurana,252228,Noguera,23,Lleida,5.22,"BETONDORP RENOVABLES, S.L.",Autoritzat,Sòl no urbanitzable,No supòsit d'AIA,Informat,,
FUE-2021-01981288,PSFV Mora de Ebro,Catalunya,2.315,4.34,Móra d'Ebre,430939,Ribera d'Ebre,30,Terres de l'Ebre,4.34,"A TORT I A DRET RENOVABLES 01, SL",Autoritzat,Sòl no urbanitzable,No supòsit d'AIA,Informat,,
FUE-2021-01994887,PSFV Santa Llogaia 5,Catalunya,43,62.64,Navata,171117,Alt Empordà,02,Girona,62.64,"Clean Future Energy, SLU",Autoritzat,Sòl no urbanitzable,Supòsit d'AIA,DIA/IIA Finalitzats,15/06/2023,DIA Favorable
FUE-2021-01998062,PSFV Els Plans,Catalunya,2,3,Sarral,431423,Conca de Barberà,16,Camp de Tarragona,3,"ELS PLANS PLANTA FOTOVOLTAICA, SL",Autoritzat,Sòl no urbanitzable,No supòsit d'AIA,Modificat,,
FUE-2021-02016423,PSFV Spring Solar 2,Catalunya,27.496,48.7,"Portella, la",251749,Segrià,33,Lleida,48.7,SOLARIA PROMOCION Y DESARROLLO FOTOVOLTAICO S.L.,Autoritzat,Sòl no urbanitzable,Supòsit d'AIA,DIA/IIA Finalitzats,19/10/2023,No cal AIA ordinària
FUE-2021-02019433,PSFV Spring Solar 3,Catalunya,24.059,49.3,"Portella, la",251749,Segrià,33,Lleida,49.3,SOLARIA PROMOCION Y DESARROLLO FOTOVOLTAICO S.L.,Autoritzat,Sòl no urbanitzable,Supòsit d'AIA,DIA/IIA Finalitzats,19/10/2023,No cal AIA ordinària
FUE-2021-02060623,PSFV Batea,Catalunya,25.95,39.46,Batea,430228,Terra Alta,37,Terres de l'Ebre,39.46,"ENERGIA INAGOTABLE DEL PROYECTO BATEA, SL",Autoritzat,Sòl no urbanitzable,Supòsit d'AIA,DIA/IIA Finalitzats,27/06/2023,DIA Favorable
FUE-2021-02073168,PSFV La Romiguera,Catalunya,6,15.08,Montblanc,430862,Conca de Barberà,16,Camp de Tarragona,15.08,"Energies Renovables Terra Ferma, SL",Autoritzat,Sòl no urbanitzable,Supòsit d'AIA,DIA/IIA Finalitzats,05/07/2023,No cal AIA ordinària
FUE-2021-02091706,PSFV Palcha PV 19,Catalunya,2.4,2.96,Constantí,430477,Tarragonès,36,Camp de Tarragona,2.96,"PALCHA PV 19, SL",Autoritzat,Sòl no urbanitzable,Supòsit d'AIA,DIA/IIA Finalitzats,13/04/2023,No cal AIA ordinària
FUE-2021-02091721,PSFV Pascual Closa,Catalunya,0.9,1.16,Constantí,430477,Tarragonès,36,Camp de Tarragona,1.16,"PASCUAL CLOSA, SL",Autoritzat,Sòl no urbanitzable,Supòsit d'AIA,DIA/IIA Finalitzats,13/04/2023,No cal AIA ordinària
FUE-2021-02091737,PSFV Martínez Muzzati,Catalunya,0.9,1.03,Constantí,430477,Tarragonès,36,Camp de Tarragona,1.03,"MARTINEZ Y MUZZATI RENOVABLES, SL",Autoritzat,Sòl no urbanitzable,Supòsit d'AIA,DIA/IIA Finalitzats,13/04/2023,No cal AIA ordinària
FUE-2021-02091748,PSFV Macmafruits,Catalunya,0.9,1.05,Constantí,430477,Tarragonès,36,Camp de Tarragona,1.05,"MACMAFRUITS, SL",Autoritzat,Sòl no urbanitzable,Supòsit d'AIA,DIA/IIA Finalitzats,13/04/2023,No cal AIA ordinària
FUE-2021-02091761,PSFV Fotoelèctrica de Juncosa,Catalunya,0.9,1.12,Constantí,430477,Tarragonès,36,Camp de Tarragona,1.12,"FOTOELECTRICA DE JUNCOSA, SL",Autoritzat,Sòl no urbanitzable,Supòsit d'AIA,DIA/IIA Finalitzats,13/04/2023,No cal AIA ordinària
FUE-2021-02091775,PSFV Basolfort,Catalunya,0.45,0.61,Constantí,430477,Tarragonès,36,Camp de Tarragona,0.61,"BASOLFORT, SL",Autoritzat,Sòl no urbanitzable,Supòsit d'AIA,DIA/IIA Finalitzats,13/04/2023,No cal AIA ordinària
FUE-2021-02107970,PSFV Apindret,Catalunya,1.3,2.2,Biosca,250557,Solsonès,35,Catalunya Central,2.2,"APINDRET, S.L.",Autoritzat,Sòl no urbanitzable,No supòsit d'AIA,Informat,,
FUE-2021-02162557,PSFV Juno Solar 2,Catalunya,50,113,Alcarràs,250117,Segrià,33,Lleida,113,SOLARIA PROMOCION Y DESARROLLO FOTOVOLTAICO S.L,Autoritzat,Sòl no urbanitzable,Supòsit d'AIA,DIA/IIA Finalitzats,21/09/2023,DIA Favorable
FUE-2021-02168847,PSFV Aeroport de Reus,Catalunya,12.5,18.26,Reus,431233,Baix Camp,08,Camp de Tarragona,18.26,"AENA SME, SA",Autoritzat,Sòl no urbanitzable,Supòsit d'AIA,DIA/IIA Finalitzats,12/01/2023,No cal AIA ordinària
FUE-2021-02332807,PSFV Bombeig Català,Catalunya,0.4,1,Os de Balaguer,251569,Noguera,23,Lleida,1,Explotaciones Portella Fruits SL,Autoritzat,Sòl no urbanitzable,No supòsit d'AIA,Informat,,
FUE-2021-02341200,PSFV 22CER,Catalunya,4.5,12.7,"Oluges, les",251522,Segarra,32,Lleida,12.7,EGUZKI 22CER SLU,Autoritzat,Sòl no urbanitzable,Supòsit d'AIA,DIA/IIA Finalitzats,02/05/2024,No cal AIA ordinària
FUE-2021-02357101,PSFV Tavèrnoles,Catalunya,2.75,5.22,Tavèrnoles,082750,Osona,24,Catalunya Central,4.72,"Piensos Compuestos Victoria, S.A",Autoritzat,Sòl no urbanitzable,No supòsit d'AIA,Informat,,
FUE-2021-02357101,PSFV Tavèrnoles,Catalunya,0,0,Folgueroles,080832,Osona,24,Catalunya Central,0.5,"Piensos Compuestos Victoria, S.A",Autoritzat,Sòl no urbanitzable,No supòsit d'AIA,Informat,,
FUE-2021-02362269,PSFV EB1 Flix - La Devesa,Catalunya,0.585,1.98,Flix,430607,Ribera d'Ebre,30,Terres de l'Ebre,1.98,COMUNITAT DE REGANTS GARRIGUES SUD,Autoritzat,Sòl no urbanitzable,No supòsit d'AIA,Informat,,
FUE-2021-02363060,PSFV Variant Sud,Catalunya,2.25,3.4,Lleida,251207,Segrià,33,Lleida,3.4,Borte Investments 2017 SL,Autoritzat,Sòl no urbanitzable,No supòsit d'AIA,Informat,,
FUE-2021-02363449,PSFV Beloa Solar,Catalunya,0.83,1.41,Sidamon,252056,Pla d'Urgell,27,Lleida,1.41,"Vinci Solar, SL",Autoritzat,Sòl no urbanitzable,No supòsit d'AIA,Informat,,
FUE-2021-02366859,PSFV Mas Colom,Catalunya,2.92,4.76,"Selva del Camp, la",431457,Baix Camp,08,Camp de Tarragona,4.76,"FAMITEX INVERSIONES, SL",Autoritzat,Sòl no urbanitzable,No supòsit d'AIA,Informat,,
FUE-2021-02368338,PSFV Obàgols,Catalunya,1,1.8,Gallifa,080879,Vallès Occidental,40,Barcelona,1.8,"HIDRODELTA, S.A.",Autoritzat,Sòl no urbanitzable,No supòsit d'AIA,Informat,,
FUE-2021-02368439,PSFV Parsosy Las Teclas,Catalunya,4.95,15.5,Torregrossa,252304,Pla d'Urgell,27,Lleida,15.5,"PARSOSY LAS TECLAS, SL",Autoritzat,Sòl no urbanitzable,Supòsit d'AIA,DIA/IIA Finalitzats,05/07/2023,No cal AIA ordinària
FUE-2022-02377722,PSFV Mas Fusté 1,Catalunya,1.485,2.27,Olius,251517,Solsonès,35,Catalunya Central,2.27,"Hidrocardener, S.L.",Autoritzat,Sòl no urbanitzable,No supòsit d'AIA,Informat,,
FUE-2022-02377726,PSFV Mas Fusté 2,Catalunya,0.495,0.71,Olius,251517,Solsonès,35,Catalunya Central,0.71,Jesús Montaner Bonet,Autoritzat,Sòl no urbanitzable,No supòsit d'AIA,Informat,,
FUE-2022-02394073,PSFV Vilademuls,Catalunya,1.695,2.58,Vilademuls,172180,Pla de l'Estany,28,Girona,2.58,"Subestació Elèctrica Gurb, AIE",Autoritzat,Sòl no urbanitzable,No supòsit d'AIA,Informat,,
FUE-2022-02428852,PSFV Ilerprotein,Catalunya,1.95,2.86,Almacelles,250194,Segrià,33,Lleida,2.86,"Ilerprotein, S.L.",Autoritzat,Sòl diferent al no urbanitzable,No supòsit d'AIA,Informat,,
FUE-2022-02430104,PSFV Comunitat Regants Corbins,Catalunya,0.26,0.51,Corbins,250788,Segrià,33,Lleida,0.51,Comunitat de regants de Corbins,Autoritzat,Sòl no urbanitzable,No supòsit d'AIA,Informat,,
FUE-2022-02432480,PSFV LART ENERGIA I,Catalunya,2.1,3.11,Sant Joan de Vilatorrada,082188,Bages,07,Catalunya Central,3.11,"Lart Energia, SL",Autoritzat,Sòl no urbanitzable,No supòsit d'AIA,Informat,,
FUE-2022-02438524,PSFV Fonollosa,Catalunya,5,6.68,Fonollosa,080847,Bages,07,Catalunya Central,6.68,"Estabanell Generació, S.L.U.",Autoritzat,Sòl no urbanitzable,No supòsit d'AIA,Informat,,
FUE-2022-02447268,PSFV Miralcamp Nufri,Catalunya,13.5,18.13,Miralcamp,251351,Pla d'Urgell,27,Lleida,18.13,SAT N 1596 NUFRI RL,Autoritzat,Sòl no urbanitzable,Supòsit d'AIA,DIA/IIA Finalitzats,07/09/2023,No cal AIA ordinària
FUE-2022-02448049,PSFV Garcia,Catalunya,20,29.8,Garcia,430653,Ribera d'Ebre,30,Terres de l'Ebre,29.8,"BLUE VIKING ISABELLA, SL",Autoritzat,Sòl no urbanitzable,Supòsit d'AIA,DIA/IIA Finalitzats,07/03/2024,No cal AIA ordinària
FUE-2022-02473692,PSFV Can Vinyals,Catalunya,0.2,0.4,Sentmenat,082671,Vallès Occidental,40,Barcelona,0.4,"Electra Caldense Energia, S.A",Autoritzat,Sòl no urbanitzable,No supòsit d'AIA,Informat,,
FUE-2022-02498110,PSFV Soprema,Catalunya,1.25,3.38,Vallmoll,431606,Alt Camp,01,Camp de Tarragona,3.38,"SOPREMA IBERIA, SL",Autoritzat,Sòl no urbanitzable,No supòsit d'AIA,Informat,,
FUE-2022-02499449,PSFV Riudoms,Catalunya,1.75,3.15,Riudoms,431299,Baix Camp,08,Camp de Tarragona,3.15,"FOTOVOLTAICA RIUDOMS, SL",Autoritzat,Sòl no urbanitzable,No supòsit d'AIA,Informat,,
FUE-2022-02515349,PSFV Venso,Catalunya,0.25,0.15,Alguaire,250169,Segrià,33,Lleida,0.12,"VENSO, S.A",Autoritzat,Sòl no urbanitzable,No supòsit d'AIA,Informat,,
FUE-2022-02515349,PSFV Venso,Catalunya,0,0,Torrefarrera,252287,Segrià,33,Lleida,0.03,"VENSO, S.A",Autoritzat,Sòl no urbanitzable,No supòsit d'AIA,Informat,,
FUE-2022-02547000,PSFV Riudarenes,Catalunya,3,3.87,Riudarenes,171485,Selva,34,Girona,3.87,"Càrnica Batallé, SA",Autoritzat,Sòl no urbanitzable,No supòsit d'AIA,Informat,,
FUE-2022-02556426,PSFV Samalús,Catalunya,2,3.82,Cànoves i Samalús,080425,Vallès Oriental,41,Barcelona,3.82,"Estabanell Generació, S.L",Autoritzat,Sòl no urbanitzable,No supòsit d'AIA,Informat,,
FUE-2022-02556648,PSFV Riudoms Freixa,Catalunya,1.75,6.1,Riudoms,431299,Baix Camp,08,Camp de Tarragona,6.1,"BAIX CAMP ENERGY, SL",Autoritzat,Sòl no urbanitzable,No supòsit d'AIA,Informat,,
FUE-2022-02561843,PSFV L'Arca,Catalunya,1,2.1,Caldes de Montbui,080333,Vallès Oriental,41,Barcelona,2.1,"HIDRODELTA, S.A.",Autoritzat,Sòl no urbanitzable,No supòsit d'AIA,Informat,,
FUE-2022-02577055,PSFV KM0 Vilagrassa 1,Catalunya,0.9,1.9,Vilagrassa,252445,Urgell,38,Lleida,1.9,"Parcs km0 Agrupació 1, SL",Autoritzat,Sòl no urbanitzable,No supòsit d'AIA,Informació Pública (DOGC),,
FUE-2022-02590819,PSFV Vinya Serra,Catalunya,2,3,Sant Jaume dels Domenys,431378,Baix Penedès,12,Penedès,3,INSTANIG ENERGIAS S.L.U,Autoritzat,Sòl no urbanitzable,No supòsit d'AIA,Informat,,
FUE-2022-02596793,PSFV Pla de Palau,Catalunya,3.36,7.7,Caldes de Montbui,080333,Vallès Oriental,41,Barcelona,7.7,"Hidrodelta, SA",Autoritzat,Sòl no urbanitzable,No supòsit d'AIA,Informat,,
FUE-2022-02660446,PSFV Pierola,Catalunya,1.075,1.46,"Hostalets de Pierola, els",081629,Anoia,06,Penedès,1.46,"Ceràmica Pierola, SL",Autoritzat,Sòl no urbanitzable,No supòsit d'AIA,Informat,,
FUE-2022-02686095,PSFV Oliwatt,Catalunya,2.4,4.33,Clariana de Cardener,250753,Solsonès,35,Catalunya Central,4.33,"Hidrocardener, S.L.",Autoritzat,Sòl no urbanitzable,No supòsit d'AIA,Informat,,
FUE-2022-02702537,PSFV Autoconsum Pinsos Ursa,Catalunya,0.17,0.125,Anglesola,250273,Urgell,38,Lleida,0.125,"PINSOS URSA, SL",Autoritzat,Sòl no urbanitzable,No supòsit d'AIA,Informat,,
FUE-2022-02716173,PSFV Lart Energia II,Catalunya,2.1,3.03,Sant Joan de Vilatorrada,082188,Bages,07,Catalunya Central,3.03,"Lart Energia, SL",Autoritzat,Sòl no urbanitzable,No supòsit d'AIA,Informat,,
FUE-2022-02749793,PSFV La Boella,Catalunya,0.4,0.36,"Canonja, la",439076,Tarragonès,36,Camp de Tarragona,0.36,FINCA LA BOELLA S.L.,Autoritzat,Sòl no urbanitzable,No supòsit d'AIA,Informat,,
FUE-2022-02754119,PSFV Autoconsum Arenes Bellpuig,Catalunya,0.44,1,Bellpuig,250501,Urgell,38,Lleida,1,"Arenes Bellpuig, SL",Autoritzat,Sòl no urbanitzable,No supòsit d'AIA,Informat,,
FUE-2022-02778907,PSFV Can Busquets,Catalunya,4,7,"Garriga, la",080885,Vallès Oriental,41,Barcelona,7,"Estabanell Generació, S.L",Autoritzat,Sòl no urbanitzable,No supòsit d'AIA,Informat,,
FUE-2022-02792402,PSFV Europastry,Catalunya,3.3,4.8,Sarral,431423,Conca de Barberà,16,Camp de Tarragona,4.8,"Europastry , SA",Autoritzat,Sòl no urbanitzable,No supòsit d'AIA,Informat,,
FUE-2022-02794745,PSFV Parsosy Los Llanos,Catalunya,3.289,4.3,Torregrossa,252304,Pla d'Urgell,27,Lleida,4.3,"Parsosy Los Llanos, SL",Autoritzat,Sòl no urbanitzable,No supòsit d'AIA,Informat,,
FUE-2022-02807654,PSFV EB 3-4 Etapa IV,Catalunya,0.366,0.53,Bellaguarda,251706,Garrigues,18,Lleida,0.53,Comunitat de Regants del Garrigues Sud,Autoritzat,Sòl no urbanitzable,No supòsit d'AIA,Informat,,
FUE-2022-02831884,PSFV Vilanova,Catalunya,3.45,5.9,Vilanova d'Escornalbou,431671,Baix Camp,08,Camp de Tarragona,5.9,"BLUE VIKING LINEA, SL",Autoritzat,Sòl no urbanitzable,No supòsit d'AIA,Informat,,
FUE-2022-02838211,PSFV Aubals,Catalunya,11.02,17.4,Garcia,430653,Ribera d'Ebre,30,Terres de l'Ebre,17.4,ASTENDONG SL,Autoritzat,Sòl no urbanitzable,Supòsit d'AIA,DIA/IIA Finalitzats,07/03/2024,No cal AIA ordinària
FUE-2022-02841292,PSFV El Catllar,Catalunya,4.99,7.83,"Catllar, el",430430,Tarragonès,36,Camp de Tarragona,7.83,ESTABANELL GENERACIÓ SL,Autoritzat,Sòl no urbanitzable,Supòsit d'AIA,DIA/IIA Finalitzats,02/05/2024,No cal AIA ordinària
FUE-2022-02851145,PSFV Sentmenat,Catalunya,3.87,5.491,Sentmenat,082671,Vallès Occidental,40,Barcelona,5.491,"Estabanell Generació, S.L.U.",Autoritzat,Sòl no urbanitzable,No supòsit d'AIA,Informat,,
FUE-2022-02873072,PSFV Pla de la Sala,Catalunya,0.875,1.74,Passanant i Belltall,431016,Conca de Barberà,16,Camp de Tarragona,1.74,"CLEAN SPC 5, SL",Autoritzat,Sòl no urbanitzable,No supòsit d'AIA,Informat,,
FUE-2022-02878606,PSFV Constantí-18,Catalunya,5,9.8,Constantí,430477,Tarragonès,36,Camp de Tarragona,9.8,"IOSA GREEN ENERGY, SL",Autoritzat,Sòl no urbanitzable,No supòsit d'AIA,Informat,,
FUE-2022-02903326,PSFV Sant Fruitós,Catalunya,2.55,5.5,Sant Fruitós de Bages,082135,Bages,07,Catalunya Central,5.5,"ERASP SPAIN, S.L.U.",Autoritzat,Sòl no urbanitzable,No supòsit d'AIA,Informat,,
FUE-2022-02930568,PSFV Planot,Catalunya,4.5,8.11,Vila-rodona,431704,Alt Camp,01,Camp de Tarragona,8.11,"BETONDORP RENOVABLES, S.L",Autoritzat,Sòl no urbanitzable,No supòsit d'AIA,Informat,,
FUE-2022-02942435,PSFV El Gassó - Querol,Catalunya,1.3,3.7,Querol,431205,Alt Camp,01,Camp de Tarragona,3.7,"OLVAC INVEST, SL",Autoritzat,Sòl no urbanitzable,No supòsit d'AIA,Informat,,
FUE-2022-02955863,PSFV Vidreres Green Energy,Catalunya,2.775,5.26,Vidreres,172137,Selva,34,Girona,5.26,"Vidreres Green Energy, SL",Autoritzat,Sòl no urbanitzable,No supòsit d'AIA,Informat,,
FUE-2022-02970004,PSFV Prat de la Plana,Catalunya,2.8,6.6,Moià,081385,Moianès,42,Catalunya Central,6.6,"Estabanell Generació, S.L.U",Autoritzat,Sòl no urbanitzable,No supòsit d'AIA,Informat,,
FUE-2023-03001950,PSFV Roc de la Mel,Catalunya,1.505,2.93,Casserres,080497,Berguedà,14,Catalunya Central,2.93,Fotovoltaica del Berguedà S.L,Autoritzat,Sòl no urbanitzable,No supòsit d'AIA,Informat,,
FUE-2023-03008542,"PSFV 500 kW EB5 d'etapes I, II, III",Catalunya,0.5,0.86,Bovera,250560,Garrigues,18,Lleida,0.86,Comunitat de Regants del Garrigues Sud,Autoritzat,Sòl no urbanitzable,No supòsit d'AIA,Informació Pública (DOGC),,
FUE-2023-03086371,PSFV Puigpelat,Catalunya,4.84,7.84,Puigpelat,431191,Alt Camp,01,Camp de Tarragona,7.84,"EWD ENERGY FV II, S.L",Autoritzat,Sòl no urbanitzable,No supòsit d'AIA,Informat,,
FUE-2023-03106608,PSFV Gelida,Catalunya,2,3,Gelida,080919,Alt Penedès,03,Penedès,3,"Estabanell Generació, SLU",Autoritzat,Sòl no urbanitzable,No supòsit d'AIA,Informat,,
FUE-2023-03133618,PSFV Balfegó,Catalunya,0.33,1.15,"Ametlla de Mar, l'",430136,Baix Ebre,09,Terres de l'Ebre,1.15,BALFEGÓ & BALFEGÓ SL,Autoritzat,Sòl no urbanitzable,No supòsit d'AIA,Informat,,
FUE-2023-03178488,PSFV Els Bastards,Catalunya,3.85,6.8,Alió,430108,Alt Camp,01,Camp de Tarragona,6.1,HAVING INTEREST SL,Autoritzat,Sòl no urbanitzable,No supòsit d'AIA,Informat,,
FUE-2023-03178488,PSFV Els Bastards,Catalunya,0,0,Puigpelat,431191,Alt Camp,01,Camp de Tarragona,0.7,HAVING INTEREST SL,Autoritzat,Sòl no urbanitzable,No supòsit d'AIA,Informat,,
FUE-2023-03185501,PSFV Riba-roja d'Ebre,Catalunya,2.025,3.21,Riba-roja d'Ebre,431251,Ribera d'Ebre,30,Terres de l'Ebre,3.21,"KM0 FLIX 1, SL",Autoritzat,Sòl no urbanitzable,No supòsit d'AIA,Informat,,
FUE-2023-03237827,PSFV Can Cabanyes,Catalunya,2.31,2.45,Granollers,080961,Vallès Oriental,41,Barcelona,2.45,AJUNTAMENT DE GRANOLLERS,Autoritzat,Sòl no urbanitzable,No supòsit d'AIA,Informat,,
FUE-2023-03274023,PSFV Santa Margarida de Montbui,Catalunya,0.825,1.35,Santa Margarida de Montbui,082508,Anoia,06,Penedès,1.35,"CATGAS ENERGIA, SA",Autoritzat,Sòl no urbanitzable,No supòsit d'AIA,Informat,,
FUE-2023-03336110,PSFV Coll de Bassa,Catalunya,2.25,3.44,Sant Feliu Sasserra,082129,Bages,07,Catalunya Central,3.44,"SUBESTACIÓ ELÈCTRICA GURB, AIE",Autoritzat,Sòl no urbanitzable,No supòsit d'AIA,Informat,,
FUE-2023-03369643,PSFV Lladó,Catalunya,1.658,2.64,Puig-reig,081751,Berguedà,14,Catalunya Central,2.64,"Arqueta Solar, SL",Autoritzat,Sòl no urbanitzable,No supòsit d'AIA,Informació Pública (DOGC),,
FUE-2023-03418119,PSFV Nutripack,Catalunya,0.4,0.3,Banyeres del Penedès,430206,Baix Penedès,12,Penedès,0.3,"NUTRIPACK IBÉRICA, S.L.",Autoritzat,Sòl no urbanitzable,No supòsit d'AIA,Informat,,
FUE-2023-03436132,PSFV El Pla de la Font,Catalunya,2.824,2.96,Vidreres,172137,Selva,34,Girona,2.96,"Estabanell Generació, SLU",Autoritzat,Sòl no urbanitzable,No supòsit d'AIA,Informat,,
FUE-2023-03486209,PSFV Joan Simon,Catalunya,0.18,0.4,Puigverd de Lleida,251826,Segrià,33,Lleida,0.4,Joan Simón Bonjoch,Autoritzat,Sòl no urbanitzable,No supòsit d'AIA,Informat,,
,PSFV Vilella & Farias,Catalunya,0.125,0.3,Castelldans,250674,Garrigues,18,Lleida,0.3,"Vilella & Farias, SL",Autoritzat,Sòl no urbanitzable,No supòsit d'AIA,Informat,,
FUE-2020-01828916,PSFV Bellisens,Catalunya,40.33,39.5,Constantí,430477,Tarragonès,36,Camp de Tarragona,39.5,CELTIS SOLAR SL,Desistit,Sòl no urbanitzable,Supòsit d'AIA,DIA/IIA Finalitzats,12/01/2023,DIA Favorable
02074,PSFV La Serra,Catalunya,2.31,3.45,Anglesola,250273,Urgell,38,Lleida,3.45,"BETONDORP RENOVABLES, SL",En servei,Sòl no urbanitzable,No supòsit d'AIA,Informat,,
02067 ampliació,Ampliació PSFV SA Lipmes,Catalunya,0.48,0.6,Tremp,252347,Pallars Jussà,25,Alt Pirineu i Aran,0.5,SA LIPMES,En servei,Sòl no urbanitzable,No supòsit d'AIA,Informat,,
02067 ampliació,Ampliació PSFV SA Lipmes,Catalunya,0,0,Talarn,252154,Pallars Jussà,25,Alt Pirineu i Aran,0.1,SA LIPMES,En servei,Sòl no urbanitzable,No supòsit d'AIA,Informat,,
DICT55-5127-2016,PSFV COVETA DELS GATS,Catalunya,0.892,1.74,Ulldecona,431567,Montsià,22,Terres de l'Ebre,1.74,"ENERLLEI, SLU",En servei,Sòl no urbanitzable,No supòsit d'AIA,Modificat,,
FUE-2020-01813393,PSFV Constantí-42,Catalunya,14.5,17.46,Constantí,430477,Tarragonès,36,Camp de Tarragona,17.46,"IOSA GREEN ENERGY, S.L.",En servei,Sòl no urbanitzable,Supòsit d'AIA,DIA/IIA Finalitzats,23/02/2022,No cal AIA ordinària
FUE-2020-01814709,PSFV Port Aventura Solar,Catalunya,6.6,6.4,Vila-seca,431711,Tarragonès,36,Camp de Tarragona,6.4,PORT AVENTURA ENTERTAINMENT SAU,En servei,Sòl no urbanitzable,No supòsit d'AIA,Informat,,
FUE-2020-01827725,PSFV Castissent-Sant Esteve de la Sarga,Catalunya,1.3,2,Tremp,252347,Pallars Jussà,25,Alt Pirineu i Aran,2,Eviroca Renovables SL,En servei,Sòl no urbanitzable,No supòsit d'AIA,Informat,,
FUE-2020-01833046,PSFV Caser-Llum,Catalunya,0.15,0.23,Vila-sana,252521,Pla d'Urgell,27,Lleida,0.23,"Caser-Llum, SL",En servei,Sòl no urbanitzable,No supòsit d'AIA,Informat,,
FUE-2020-01838961,PSFV Puig Porc,Catalunya,2.1,3.26,Artesa de Segre,250349,Noguera,23,Lleida,3.26,"PUIG-PORC, SL",En servei,Sòl no urbanitzable,No supòsit d'AIA,Informat,,
FUE-2020-01839747,PSFV Forec 2018,Catalunya,4.05,6.03,Lleida,251207,Segrià,33,Lleida,6.03,"FOREC 2018, SL",En servei,Sòl no urbanitzable,No supòsit d'AIA,Informat,,
FUE-2020-01839800,PSFV Serrat de la Torreta,Catalunya,1.98,3.46,Olius,251517,Solsonès,35,Catalunya Central,3.46,"Serrat de la Torreta, S.L.",En servei,Sòl no urbanitzable,No supòsit d'AIA,Informat,,
FUE-2021-02055173,PSFV Olost,Catalunya,1.1,1.39,Olost,081496,Lluçanès,43,Catalunya Central,1.39,"Olost Alimentària, SLU",En servei,Sòl no urbanitzable,No supòsit d'AIA,Informat,,
FUE-2021-02121848,PSFV Mafrica,Catalunya,0.77,0.987,Sant Joan de Vilatorrada,082188,Bages,07,Catalunya Central,0.987,"Matadero Frigorífico del Cardoner, S.A.",En servei,Sòl no urbanitzable,No supòsit d'AIA,Informació Pública (DOGC),,
FUE-2021-02180292,PSFV EDAR Reus,Catalunya,0.42,0.6,Reus,431233,Baix Camp,08,Camp de Tarragona,0.6,"REUS SERVEIS MUNICIPALS, SA",En servei,Sòl no urbanitzable,No supòsit d'AIA,Informat,,
FUE-2021-02189561,PSFV Esporc Sils,Catalunya,1.5,1.75,Sils,171931,Selva,34,Girona,1.75,"Esporc, SA",En servei,Sòl no urbanitzable,No supòsit d'AIA,Informat,,
FUE-2021-02198856,PSFV Mafriparc,Catalunya,0.43,0.45,Sant Vicenç de Torelló,082652,Osona,24,Catalunya Central,0.45,MAFRIGES S.A.,En servei,Sòl no urbanitzable,No supòsit d'AIA,Informat,,
FUE-2021-02263667,PSFV Santandreu,Catalunya,0.35,0.78,Lladurs,251240,Solsonès,35,Catalunya Central,0.78,SOCIETAT AGRARIA DE TRANSFORMACIÓ FIGULS DE GARGALLA,En servei,Sòl no urbanitzable,No supòsit d'AIA,Informat,,
FUE-2021-02368445,PSFV Parsosy Battos,Catalunya,2.905,5.05,Cervià de les Garrigues,250735,Garrigues,18,Lleida,5.05,"PARSOSY BATTOS, SL",En servei,Sòl no urbanitzable,No supòsit d'AIA,Informat,,
FUE-2021-02368483,PSFV Parsosy Las Solanas,Catalunya,4.95,7.9,Olèrdola,081458,Alt Penedès,03,Penedès,7.9,"Parsosy las Solanas, S.L.",En servei,Sòl no urbanitzable,No supòsit d'AIA,Informat,,
FUE-2022-02486970,PSFV Biometagas La Galera,Catalunya,0.6,1.21,"Galera, la",430635,Montsià,22,Terres de l'Ebre,1.21,"BIOMETAGAS LA GALERA, SL",En servei,Sòl no urbanitzable,No supòsit d'AIA,Informat,,
,PSFV EB2 Bovera,Catalunya,0.45,1.7,Bovera,250560,Garrigues,18,Lleida,1.7,COMUNITAT DE REGANTS GARRIGUES SUD,En servei,Sòl no urbanitzable,No supòsit d'AIA,,,
,PSFV Nestlé Reus Autoconsumo Energía Solar,Catalunya,0.6,0.6,Reus,431233,Baix Camp,08,Camp de Tarragona,0.6,"PRODUCTOS DEL CAFÉ, SA",En servei,Sòl diferent al no urbanitzable,No supòsit d'AIA,Informat a Energia,,
,PSFV TALARN 2,Catalunya,3.9,5.49,Talarn,252154,Pallars Jussà,25,Alt Pirineu i Aran,5.49,"Ramon Roset Duch, Elies Visa Biosca, Ramona Vilella",En servei,Sòl no urbanitzable,No supòsit d'AIA,,,
FUE-2020-01816488,PSFV Galera Solar,Catalunya,47.16,109,Castelldans,250674,Garrigues,18,Lleida,109,"Galera Solar, SL",En tramitació,Sòl no urbanitzable,Supòsit d'AIA,En redacció DIA/IIA,,
FUE-2020-01816613,PSFV Calella Solar,Catalunya,47.16,116,Cervià de les Garrigues,250735,Garrigues,18,Lleida,116,"Calella Solar, SL",En tramitació,Sòl no urbanitzable,Supòsit d'AIA,Informació Pública (DOGC),,
FUE-2020-01830680,PSFV Can Xacó,Catalunya,2,2.9,Tordera,082845,Maresme,21,Barcelona,2.9,FOTOVOLTAICA CISTUS S.L,En tramitació,Sòl no urbanitzable,No supòsit d'AIA,Informat,,
FUE-2020-01833058,PSFV Calders I,Catalunya,10.17,18.73,Sant Fruitós de Bages,082135,Bages,07,Catalunya Central,18.73,"ENERGIAS RENOVABLES DE GLADIATEUR 22, S.L.",En tramitació,Sòl no urbanitzable,Supòsit d'AIA,Informació Pública (DOGC),,
FUE-2020-01833078,PSFV La Montsona 2,Catalunya,41.25,55,Almatret,250208,Segrià,33,Lleida,55,"Energias Renovables de Perseo, S.L",En tramitació,Sòl no urbanitzable,Supòsit d'AIA,Informació Pública (DOGC),,
FUE-2020-01833324,PSFV Lo Tossal,Catalunya,25,28.48,Isona i Conca Dellà,251155,Pallars Jussà,25,Alt Pirineu i Aran,28.48,"Energies Renovables Terra Ferma, SL",En tramitació,Sòl no urbanitzable,Supòsit d'AIA,DIA/IIA Finalitzats,05/07/2023,DIA Favorable
FUE-2020-01833326,PSFV Pont de Fusta,Catalunya,32,30.42,Isona i Conca Dellà,251155,Pallars Jussà,25,Alt Pirineu i Aran,30.42,"Energies Renovables Terra Ferma, SL",En tramitació,Sòl no urbanitzable,Supòsit d'AIA,DIA/IIA Finalitzats,05/07/2023,DIA Favorable
FUE-2020-01833389,PSFV Mont-Roig,Catalunya,4.75,7.2,Ossó de Sió,251575,Urgell,38,Lleida,7.2,"ESCALA SOLAR, SL",En tramitació,Sòl no urbanitzable,No supòsit d'AIA,Informat,,
FUE-2020-01836751,PSFV Castelldans Solar 1,Catalunya,7.5,12.9,Castelldans,250674,Garrigues,18,Lleida,12.9,"ASE ILTRIDA BETA WATT 10, SL",En tramitació,Sòl no urbanitzable,Supòsit d'AIA,DIA/IIA Finalitzats,03/08/2023,No cal AIA ordinària
FUE-2020-01846426,PSFV Cervera 2,Catalunya,4.2,8.2,Cervera,250729,Segarra,32,Lleida,8.2,"PARSOSY BANNAS, SL",En tramitació,Sòl no urbanitzable,Supòsit d'AIA,DIA/IIA Finalitzats,01/12/2022,No cal AIA ordinària
FUE-2021-01877957,PSFV Canet,Catalunya,0.7,1.1,Lleida,251207,Segrià,33,Lleida,1.1,"VF renovables 6, SL",En tramitació,Sòl no urbanitzable,No supòsit d'AIA,Informat,,
FUE-2021-01878053,PSFV Les Clotes,Catalunya,25,48.7,Vila-rodona,431704,Alt Camp,01,Camp de Tarragona,48.7,"Energias Renovables de Gladiateur 26, SL",En tramitació,Sòl no urbanitzable,Supòsit d'AIA,DIA/IIA Finalitzats,01/02/2024,No cal AIA ordinària
FUE-2021-01936531,PSFV Helmi Solar,Catalunya,0.83,1.83,Lleida,251207,Segrià,33,Lleida,1.83,Vinci Solar SL,En tramitació,Sòl no urbanitzable,No supòsit d'AIA,Informat,,
FUE-2021-02029065,PSFV Torregassa,Catalunya,25,58.99,Olius,251517,Solsonès,35,Catalunya Central,58.99,"ENERGIA INAGOTABLE DE APUS, S.L.",En tramitació,Sòl no urbanitzable,Supòsit d'AIA,DIA/IIA Finalitzats,01/06/2023,No cal AIA ordinària
FUE-2021-02060640,PSFV Corbera,Catalunya,29.597,44.74,Gandesa,430640,Terra Alta,37,Terres de l'Ebre,44.74,"ENERGIA INAGOTABLE DE HIROKO, SL",En tramitació,Sòl no urbanitzable,Supòsit d'AIA,DIA/IIA Finalitzats,19/07/2023,DIA Favorable
FUE-2021-02060663,PSFV Els Arcs,Catalunya,21.625,35.18,"Pobla de Massaluca, la",431107,Terra Alta,37,Terres de l'Ebre,23.33,"ENERGIA INAGOTABLE DEL PROYECTO ELS ARCS, SL",En tramitació,Sòl no urbanitzable,Supòsit d'AIA,DIA/IIA Finalitzats,19/07/2023,DIA Favorable
FUE-2021-02060663,PSFV Els Arcs,Catalunya,0,0,Batea,430228,Terra Alta,37,Terres de l'Ebre,11.85,"ENERGIA INAGOTABLE DEL PROYECTO ELS ARCS, SL",En tramitació,Sòl no urbanitzable,Supòsit d'AIA,DIA/IIA Finalitzats,19/07/2023,DIA Favorable
FUE-2021-02060691,PSFV Gandesa,Catalunya,24.556,34.8,Gandesa,430640,Terra Alta,37,Terres de l'Ebre,32.9,"ENERGIA INAGOTABLE DEL PROYECTO GANDESA, SL",En tramitació,Sòl no urbanitzable,Supòsit d'AIA,DIA/IIA Finalitzats,19/07/2023,DIA Favorable
FUE-2021-02060691,PSFV Gandesa,Catalunya,0,0,Batea,430228,Terra Alta,37,Terres de l'Ebre,1.9,"ENERGIA INAGOTABLE DEL PROYECTO GANDESA, SL",En tramitació,Sòl no urbanitzable,Supòsit d'AIA,DIA/IIA Finalitzats,19/07/2023,DIA Favorable
FUE-2021-02082325,PSFV Els Vilars,Catalunya,38.42,80.4,Ciutadilla,250740,Urgell,38,Lleida,80.4,"ENERGIA INAGOTABLE DE PATALENA, SL",En tramitació,Sòl no urbanitzable,Supòsit d'AIA,DIA/IIA Finalitzats,04/04/2024,No cal AIA ordinària
FUE-2021-02082327,PSFV Sant Roc,Catalunya,43.22,98.99,Nalec,251459,Urgell,38,Lleida,61.99,"ENERGIA INAGOTABLE DE NOX, SL",En tramitació,Sòl no urbanitzable,Supòsit d'AIA,DIA/IIA Finalitzats,04/04/2024,No cal AIA ordinària
FUE-2021-02082327,PSFV Sant Roc,Catalunya,0,0,Ciutadilla,250740,Urgell,38,Lleida,37,"ENERGIA INAGOTABLE DE NOX, SL",En tramitació,Sòl no urbanitzable,Supòsit d'AIA,DIA/IIA Finalitzats,04/04/2024,No cal AIA ordinària
FUE-2021-02146455,PSFV Cap Blanc,Catalunya,24.56,39.58,Verdú,252424,Urgell,38,Lleida,39.58,Energía Inagotable de Paventia SL,En tramitació,Sòl no urbanitzable,Supòsit d'AIA,DIA/IIA Finalitzats,07/11/2024,No cal AIA ordinària
FUE-2021-02146462,PSFV Guimerà,Catalunya,36,66.2,Guimerà,251095,Urgell,38,Lleida,66.2,"Energia Inagotable de Orbona, S.L.",En tramitació,Sòl no urbanitzable,Supòsit d'AIA,Informació Pública (DOGC),,
FUE-2021-02146464,PSFV Les Roques,Catalunya,19.644,24.4,Verdú,252424,Urgell,38,Lleida,21.4,"Energia Inagotable de Ofiotauro, S.L.",En tramitació,Sòl no urbanitzable,Supòsit d'AIA,En redacció DIA/IIA,,
FUE-2021-02146464,PSFV Les Roques,Catalunya,0,0,Guimerà,251095,Urgell,38,Lleida,3,"Energia Inagotable de Ofiotauro, S.L.",En tramitació,Sòl no urbanitzable,Supòsit d'AIA,En redacció DIA/IIA,,
FUE-2021-02202117,PSFV Els Clotets,Catalunya,25,53.46,Cervera,250729,Segarra,32,Lleida,53.46,"Energia Inagotable de Chara, SL",En tramitació,Sòl no urbanitzable,Supòsit d'AIA,DIA/IIA Finalitzats,04/07/2024,Cal AIA ordinària
FUE-2021-02202121,PSFV El Terròs,Catalunya,25,51.9,Cervera,250729,Segarra,32,Lleida,37.8,"Energia Inagotable del Proyecto El Terròs, SL",En tramitació,Sòl no urbanitzable,Supòsit d'AIA,DIA/IIA Finalitzats,04/07/2024,Cal AIA ordinària
FUE-2021-02202121,PSFV El Terròs,Catalunya,0,0,Sant Ramon,251945,Segarra,32,Lleida,8.4,"Energia Inagotable del Proyecto El Terròs, SL",En tramitació,Sòl no urbanitzable,Supòsit d'AIA,DIA/IIA Finalitzats,04/07/2024,Cal AIA ordinària
FUE-2021-02202121,PSFV El Terròs,Catalunya,0,0,"Oluges, les",251522,Segarra,32,Lleida,5.7,"Energia Inagotable del Proyecto El Terròs, SL",En tramitació,Sòl no urbanitzable,Supòsit d'AIA,DIA/IIA Finalitzats,04/07/2024,Cal AIA ordinària
FUE-2021-02207736,PSFV El Castellar,Catalunya,25,45.55,Artesa de Segre,250349,Noguera,23,Lleida,45.55,Energia Inagotable de Antlia SL,En tramitació,Sòl no urbanitzable,Supòsit d'AIA,DIA/IIA Finalitzats,07/03/2024,No cal AIA ordinària
FUE-2021-02207760,PSFV Gualter,Catalunya,25,48.71,Artesa de Segre,250349,Noguera,23,Lleida,48.71,Energia Inagotable de Anser S.L,En tramitació,Sòl no urbanitzable,Supòsit d'AIA,DIA/IIA Finalitzats,01/02/2024,No cal AIA ordinària
FUE-2021-02220241,PSFV Bcnonwovens,Catalunya,9,13.95,Sant Quintí de Mediona,082362,Alt Penedès,03,Penedès,13.95,"BC NONWOVENS, S.L",En tramitació,Sòl no urbanitzable,Supòsit d'AIA,DIA/IIA Finalitzats,01/08/2024,No cal AIA ordinària
FUE-2021-02362150,PSFV Baix Camp Solar Energy,Catalunya,4.965,10.19,Riudoms,431299,Baix Camp,08,Camp de Tarragona,10.19,"PARQUE SOLAR ENERGY NODE 05, SL",En tramitació,Sòl no urbanitzable,Supòsit d'AIA,DIA/IIA Finalitzats,11/01/2024,No cal AIA ordinària
FUE-2022-02381389,PSFV Itsbluetime One,Catalunya,0.45,1,Maldà,251305,Urgell,38,Lleida,1,"ITSBLUETIME ONE, S.L",En tramitació,Sòl no urbanitzable,No supòsit d'AIA,Informat,,
FUE-2022-02423710,PSFV Puigdorca,Catalunya,0.7,0.7,Balsareny,080180,Bages,07,Catalunya Central,0.7,"Agro-Puigdorca, S.L.",En tramitació,Sòl no urbanitzable,No supòsit d'AIA,Informat,,
FUE-2022-02439751,PSFV Avinyó,Catalunya,21.285,25.2,Avinyó,080121,Bages,07,Catalunya Central,25.2,"BLUE VIKING JULIA, S.L",En tramitació,Sòl no urbanitzable,Supòsit d'AIA,DIA/IIA Finalitzats,06/06/2024,No cal AIA ordinària
FUE-2022-02464210,PSFV El Pujolar,Catalunya,0.7,0.6,Vic,082981,Osona,24,Catalunya Central,0.6,Vilatama S.L.,En tramitació,Sòl no urbanitzable,No supòsit d'AIA,Informat,,
FUE-2022-02493453,PSFV Coll Monner,Catalunya,2.59,3.6,Sant Llorenç Savall,082233,Vallès Occidental,40,Barcelona,3.6,"HIDRODELTA, S.A.",En tramitació,Sòl no urbanitzable,Supòsit d'AIA,En redacció DIA/IIA,,
FUE-2022-02493484,PSFV Can Sallent,Catalunya,2.96,5.2,Sant Llorenç Savall,082233,Vallès Occidental,40,Barcelona,5.2,"HIDRODELTA, S.A.",En tramitació,Sòl no urbanitzable,Supòsit d'AIA,En redacció DIA/IIA,,
FUE-2022-02495281,PSFV Castellet,Catalunya,1.2,1.3,Sentmenat,082671,Vallès Occidental,40,Barcelona,1.3,"HIDRODELTA, S.A.",En tramitació,Sòl no urbanitzable,Supòsit d'AIA,En redacció DIA/IIA,,
FUE-2022-02498032,PSFV Traxpo,Catalunya,2.5,3.6,Vallmoll,431606,Alt Camp,01,Camp de Tarragona,3.6,"TRAXPO, SLU",En tramitació,Sòl no urbanitzable,No supòsit d'AIA,Informat,,
FUE-2022-02535543,PSFV Atlas Green Energy,Catalunya,4.5,6.7,Lleida,251207,Segrià,33,Lleida,6.7,"Atlas Green Energy, SL",En tramitació,Sòl no urbanitzable,No supòsit d'AIA,Informat,,
FUE-2022-02575488,PSFV Els Quingles,Catalunya,22,29.52,Calders,080348,Moianès,42,Catalunya Central,29.52,"VLT Investment SP MX 1, SL",En tramitació,Sòl no urbanitzable,Supòsit d'AIA,DIA/IIA Finalitzats,26/06/2024,No cal AIA ordinària
FUE-2022-02595185,PSFV Flix-Ascó I,Catalunya,16.06,30.46,Flix,430607,Ribera d'Ebre,30,Terres de l'Ebre,30.46,"SANMAD SONNE 3 PINSAPO, SL",En tramitació,Sòl no urbanitzable,Supòsit d'AIA,DIA/IIA Finalitzats,19/07/2024,DIA Favorable
FUE-2022-02595207,PSFV Flix-Ascó II,Catalunya,16.06,31.6,Flix,430607,Ribera d'Ebre,30,Terres de l'Ebre,31.6,"SANMAD SONNE 3 ALCORNOQUE, SL",En tramitació,Sòl no urbanitzable,Supòsit d'AIA,DIA/IIA Finalitzats,19/07/2024,DIA Favorable
FUE-2022-02595215,PSFV Flix-Ascó III,Catalunya,16.06,34.8,Flix,430607,Ribera d'Ebre,30,Terres de l'Ebre,34.8,"SANMAD SONNE 3 SABINA, SL",En tramitació,Sòl no urbanitzable,Supòsit d'AIA,DIA/IIA Finalitzats,19/07/2024,DIA Favorable
FUE-2022-02595223,PSFV Flix-Ascó IV,Catalunya,16.06,25.7,Flix,430607,Ribera d'Ebre,30,Terres de l'Ebre,25.7,"SANMAD SONNE 3 ROBLE, SL",En tramitació,Sòl no urbanitzable,Supòsit d'AIA,DIA/IIA Finalitzats,19/07/2024,DIA Favorable
FUE-2022-02618893,PSFV Mas d'en Pou,Catalunya,2.4,9.31,Vinyols i els Arcs,431785,Baix Camp,08,Camp de Tarragona,9.31,ESTABANELL GENERACIÓ SL,En tramitació,Sòl no urbanitzable,No supòsit d'AIA,Informat,,
FUE-2022-02702708,PSFV Fortune Pig,Catalunya,4.81,7.3,Torregrossa,252304,Pla d'Urgell,27,Lleida,7.3,"FORTUNE PIG, SL",En tramitació,Sòl no urbanitzable,No supòsit d'AIA,Informació Pública (DOGC),,
FUE-2022-02707329,PSFV Parsosy Alyce FV1,Catalunya,4.5,6.9,Valls,431613,Alt Camp,01,Camp de Tarragona,6.9,PARSOSY ALYCE SL,En tramitació,Sòl no urbanitzable,No supòsit d'AIA,DIA/IIA Finalitzats,03/10/2024,No cal AIA ordinària
FUE-2022-02708251,PSFV Parsosy Alyce FV2,Catalunya,4.95,6.9,Valls,431613,Alt Camp,01,Camp de Tarragona,6.9,PARSOSY ALYCE SL,En tramitació,Sòl no urbanitzable,No supòsit d'AIA,DIA/IIA Finalitzats,03/10/2024,No cal AIA ordinària
FUE-2022-02709553,PSFV Parsosy Las Piedras FV3,Catalunya,4.95,6.9,Valls,431613,Alt Camp,01,Camp de Tarragona,6.9,PARSOSY LAS PIEDRAS SL,En tramitació,Sòl no urbanitzable,No supòsit d'AIA,DIA/IIA Finalitzats,03/10/2024,No cal AIA ordinària
FUE-2022-02709774,PSFV Parsosy Las Piedras FV4,Catalunya,4.95,6.9,Valls,431613,Alt Camp,01,Camp de Tarragona,6.9,PARSOSY LAS PIEDRAS SL,En tramitació,Sòl no urbanitzable,No supòsit d'AIA,DIA/IIA Finalitzats,03/10/2024,No cal AIA ordinària
FUE-2022-02729365,PSFV Vilalba dels Arcs,Catalunya,2.5,5.35,Vilalba dels Arcs,431750,Terra Alta,37,Terres de l'Ebre,5.35,"Hidrodelta, S.A.",En tramitació,Sòl no urbanitzable,No supòsit d'AIA,Informat,,
FUE-2022-02759563,PSFV Cercs-Fígols,Catalunya,20,30.22,Cercs,082687,Berguedà,14,Catalunya Central,15.72,"BLUE VIKING SOFIA, S.L.",En tramitació,Sòl no urbanitzable,Supòsit d'AIA,DIA/IIA Finalitzats,01/02/2024,No cal AIA ordinària
FUE-2022-02759563,PSFV Cercs-Fígols,Catalunya,0,0,Fígols,080804,Berguedà,14,Catalunya Central,14.5,"BLUE VIKING SOFIA, S.L.",En tramitació,Sòl no urbanitzable,Supòsit d'AIA,DIA/IIA Finalitzats,01/02/2024,No cal AIA ordinària
FUE-2022-02768181,PSFV Bonastre 1 MW,Catalunya,1,2.08,Bonastre,430304,Baix Penedès,12,Penedès,2.08,"DESPRO FV A EBRO, SL",En tramitació,Sòl no urbanitzable,No supòsit d'AIA,Informació Pública (DOGC),,
FUE-2022-02771382,PSFV Alier,Catalunya,10.4,14.1,Benavent de Segrià,250539,Segrià,33,Lleida,10.2,"ALIER, SA",En tramitació,Sòl no urbanitzable,Supòsit d'AIA,Informació Pública (DOGC),,
FUE-2022-02771382,PSFV Alier,Catalunya,0,0,Torrefarrera,252287,Segrià,33,Lleida,3.9,"ALIER, SA",En tramitació,Sòl no urbanitzable,Supòsit d'AIA,Informació Pública (DOGC),,
FUE-2022-02779916,PSFV La Femosa,Catalunya,0.875,1.52,Artesa de Lleida,250334,Segrià,33,Lleida,1.52,"UNIVERGY ES SPC 25, S.L.",En tramitació,Sòl no urbanitzable,No supòsit d'AIA,Informat,,
FUE-2022-02812483,PSFV Le Porc Gourmet,Catalunya,4.625,7.46,Santa Eugènia de Berga,082460,Osona,24,Catalunya Central,7.46,"Le Porc Gourmet, SA",En tramitació,Sòl no urbanitzable,No supòsit d'AIA,Informat,,
FUE-2022-02869685,PSFV Magadins Nou,Catalunya,0.875,1.88,Moià,081385,Moianès,42,Catalunya Central,1.88,"UNIVERGY RENOVABLES EINAR, SL",En tramitació,Sòl no urbanitzable,No supòsit d'AIA,Informat,,
FUE-2022-02871677,PSFV Montblanc,Catalunya,9.9,22.4,Montblanc,430862,Conca de Barberà,16,Camp de Tarragona,22.4,"Energies Renovables Terra Ferma, SL",En tramitació,Sòl no urbanitzable,Supòsit d'AIA,DIA/IIA Finalitzats,02/05/2024,No cal AIA ordinària
FUE-2022-02885017,PSFV Las Lomas,Catalunya,4.95,8.34,"Albiol, l'",430038,Baix Camp,08,Camp de Tarragona,8.34,PARSOSY LAS LOMAS SL,En tramitació,Sòl no urbanitzable,Supòsit d'AIA,DIA/IIA Finalitzats,03/10/2024,No cal AIA ordinària
FUE-2022-02890642,PSFV General d'Olis i Derivats,Catalunya,1.5,2.41,"Borges Blanques, les",250582,Garrigues,18,Lleida,2.41,General d'Olis i Derivats SL,En tramitació,Sòl no urbanitzable,No supòsit d'AIA,Informat,,
FUE-2022-02896534,PSFV Maials Solar,Catalunya,2.5,5.73,Maials,251333,Segrià,33,Lleida,5.73,"Derea, SL",En tramitació,Sòl no urbanitzable,No supòsit d'AIA,Informat,,
FUE-2022-02930881,PSFV PIS 3R,Catalunya,0.3,0.5,Saldes,081901,Berguedà,14,Catalunya Central,0.5,Ajuntament de Saldes,En tramitació,Sòl no urbanitzable,No supòsit d'AIA,Informat,,
FUE-2022-02930908,PSFV PIS 2N BIS,Catalunya,0.75,1.07,Saldes,081901,Berguedà,14,Catalunya Central,1.07,Ajuntament de Saldes,En tramitació,Sòl no urbanitzable,No supòsit d'AIA,Informació Pública (DOGC),,
FUE-2022-02940294,PSFV Aleixar,Catalunya,2.085,3.91,"Aleixar, l'",430075,Baix Camp,08,Camp de Tarragona,3.91,"BLUE VIKING LINEA, SL",En tramitació,Sòl no urbanitzable,No supòsit d'AIA,Informat,,
FUE-2022-02944944,PSFV Càrniques de Juià,Catalunya,4,5.8,Juià,170871,Gironès,20,Girona,5.8,"Càrniques de Juià, SA",En tramitació,Sòl no urbanitzable,No supòsit d'AIA,Informat,,
FUE-2022-02970338,PSFV Pla del Corb,Catalunya,25,48.8,Castelló de Farfanya,250693,Noguera,23,Lleida,48.8,ENERGIA INAGOTABLE DEL PROYECTO PLA DEL CORB S.L.,En tramitació,Sòl no urbanitzable,Supòsit d'AIA,Informació Pública (DOGC),,
FUE-2023-03027159,PSFV Els Carpis,Catalunya,4.576,5.41,"Pla de Santa Maria, el",431080,Alt Camp,01,Camp de Tarragona,5.41,"ESTABANELL GENERACIÓ, SLU",En tramitació,Sòl no urbanitzable,No supòsit d'AIA,Informat,,
FUE-2023-03033465,PSFV Riba-roja,Catalunya,4.95,8.3,Riba-roja d'Ebre,431251,Ribera d'Ebre,30,Terres de l'Ebre,8.3,BLUE VIKING SAMARA SL,En tramitació,Sòl no urbanitzable,No supòsit d'AIA,Informació Pública (DOGC),,
FUE-2023-03036215,PSFV Hibridació Torrefarrera,Catalunya,0.7,1.15,Torrefarrera,252287,Segrià,33,Lleida,1.15,"Salto de Torrefarrera, SL",En tramitació,Sòl no urbanitzable,No supòsit d'AIA,Informat,,
FUE-2023-03050659,PSFV Ca n'Esteper,Catalunya,2,4.1,Rubí,081846,Vallès Occidental,40,Barcelona,4.1,"SOLAR RENOVABLES DEL VALLES, S.L.",En tramitació,Sòl no urbanitzable,No supòsit d'AIA,Informat,,
FUE-2023-03064482,PSFV Can Mitjans,Catalunya,1.3,2.3,Viladecavalls,083008,Vallès Occidental,40,Barcelona,2.3,"SOLAR RENOVABLES DEL VALLES, S.L.",En tramitació,Sòl no urbanitzable,No supòsit d'AIA,Informat,,
FUE-2023-03078076,PSFV Cabanyelles,Catalunya,4,6.8,Gallifa,080879,Vallès Occidental,40,Barcelona,6.8,"HIDRODELTA, SA",En tramitació,Sòl no urbanitzable,No supòsit d'AIA,Informació Pública (DOGC),,
FUE-2023-03081382,PSFV Castellet,Catalunya,2,2.99,"Arboç, l'",430167,Baix Penedès,12,Penedès,2.99,"EWD ENERGY FV II, S.L.",En tramitació,Sòl no urbanitzable,No supòsit d'AIA,Informat,,
FUE-2023-03099820,PSFV Tarrés,Catalunya,2,2.7,Tarrés,252189,Garrigues,18,Lleida,2.7,"Tomàs Cusiné, SL",En tramitació,Sòl no urbanitzable,No supòsit d'AIA,Informació Pública (DOGC),,
FUE-2023-03129178,PSFV Mas de Piquer,Catalunya,4.95,9.3,Riba-roja d'Ebre,431251,Ribera d'Ebre,30,Terres de l'Ebre,9.3,BLUE VIKING SAMARA SL,En tramitació,Sòl no urbanitzable,Supòsit d'AIA,En redacció DIA/IIA,,
FUE-2023-03150022,PSFV Les Quadres,Catalunya,0.92,2.12,Montferri,430897,Alt Camp,01,Camp de Tarragona,2.12,LES QUADRES PLANTA FOTOVOLTAICA S.L,En tramitació,Sòl no urbanitzable,No supòsit d'AIA,Informat,,
FUE-2023-03150032,PSFV Mas Roig 2,Catalunya,4.95,9.4,Castelldans,250674,Garrigues,18,Lleida,9,"Agroalimentària El Pla, SL",En tramitació,Sòl no urbanitzable,No supòsit d'AIA,Informat,,
FUE-2023-03150032,PSFV Mas Roig 2,Catalunya,0,0,"Borges Blanques, les",250582,Garrigues,18,Lleida,0.4,"Agroalimentària El Pla, SL",En tramitació,Sòl no urbanitzable,No supòsit d'AIA,Informat,,
FUE-2023-03163023,PSFV Corbera d'Ebre,Catalunya,2.25,4.47,Corbera d'Ebre,430483,Terra Alta,37,Terres de l'Ebre,4.47,"KM0 FLIX 1, SL",En tramitació,Sòl no urbanitzable,No supòsit d'AIA,Informat,,
FUE-2023-03170377,PSFV Eguzki - Dolmen de Sant Amanç,Catalunya,4.95,11.77,Calders,080348,Moianès,42,Catalunya Central,11.77,"Eguzki Dolmen, SLU",En tramitació,Sòl no urbanitzable,Supòsit d'AIA,DIA/IIA Finalitzats,03/10/2024,No cal AIA ordinària
FUE-2023-03172669,PSFV Ametlla FV2,Catalunya,2.25,4,"Ametlla de Mar, l'",430136,Baix Ebre,09,Terres de l'Ebre,4,CLERE IBERICA 1 SL,En tramitació,Sòl no urbanitzable,No supòsit d'AIA,Informació Pública (DOGC),,
FUE-2023-03175438,PSFV Alcover,Catalunya,2,2.66,Alcover,430056,Alt Camp,01,Camp de Tarragona,2.66,"Energía, Innovación y Desarrollo Fotovoltaico, SA",En tramitació,Sòl no urbanitzable,No supòsit d'AIA,Informat,,
FUE-2023-03177797,PSFV Camila,Catalunya,4.794,8.1,Nalec,251459,Urgell,38,Lleida,8.1,"ENERGIA INAGOTABLE DE CAMILA, SL",En tramitació,Sòl no urbanitzable,No supòsit d'AIA,Informat,,
FUE-2023-03181867,PSFV Pals,Catalunya,3.408,4.87,Pals,171241,Baix Empordà,10,Girona,4.87,"ESTABANELL GENERACIÓ, SLU",En tramitació,Sòl no urbanitzable,No supòsit d'AIA,Informat,,
FUE-2023-03183381,PSFV La Pedrera,Catalunya,4.4,7.1,Sallent,081918,Bages,07,Catalunya Central,7.1,"GESTIÓ SOLAR SOSTENIBLE, S.L.U.",En tramitació,Sòl no urbanitzable,No supòsit d'AIA,Informació Pública (DOGC),,
FUE-2023-03186750,PSFV Els Palous,Catalunya,2.2,3.03,Bellvei,430249,Baix Penedès,12,Penedès,3.03,Les Quadres Planta Fotovoltaica S.L,En tramitació,Sòl no urbanitzable,No supòsit d'AIA,Informat,,
FUE-2023-03193386,PSFV Albió-1,Catalunya,1,1.8,Llorac,430733,Conca de Barberà,16,Camp de Tarragona,1.8,"Attika Dynamics, SL",En tramitació,Sòl no urbanitzable,No supòsit d'AIA,Informat,,
FUE-2023-03193577,PSFV Pobla de Massaluca Sol,Catalunya,3.29,5.13,"Pobla de Massaluca, la",431107,Terra Alta,37,Terres de l'Ebre,5.13,AKIRA FOTOVOLTAICA SL,En tramitació,Sòl no urbanitzable,No supòsit d'AIA,Informació Pública (DOGC),,
FUE-2023-03196021,PSFV Les Planetes,Catalunya,4.95,9.25,Riba-roja d'Ebre,431251,Ribera d'Ebre,30,Terres de l'Ebre,9.25,BLUE VIKING SAMARA SL,En tramitació,Sòl no urbanitzable,No supòsit d'AIA,Informat,,
FUE-2023-03198042,PSFV Nulles,Catalunya,2,2.91,Nulles,430982,Alt Camp,01,Camp de Tarragona,2.91,"Energía, Innovación y Desarrollo Fotovoltaico, SA",En tramitació,Sòl no urbanitzable,No supòsit d'AIA,Informat,,
FUE-2023-03201692,PSFV Els Olivars,Catalunya,3.168,5.54,Figuerola del Camp,430593,Alt Camp,01,Camp de Tarragona,5.54,"ESTABANELL GENERACIÓ, SLU",En tramitació,Sòl no urbanitzable,No supòsit d'AIA,Informat,,
FUE-2023-03208049,PSFV Autoconsum Planta Purines VAG,Catalunya,0.5243,2.2,Juneda,251193,Garrigues,18,Lleida,2.2,"Valoritzacions Agroramaderes Les Garrigues, SLU",En tramitació,Sòl no urbanitzable,No supòsit d'AIA,Informació Pública (DOGC),,
FUE-2023-03209564,PSFV Bodega Ferrer Bobet,Catalunya,0.18,0.47,Falset,430555,Priorat,29,Camp de Tarragona,0.47,Ferrer Bobet SL,En tramitació,Sòl no urbanitzable,No supòsit d'AIA,Informat,,
FUE-2023-03223361,PSAV Sant Antoni Vilamajor,Catalunya,2.25,8.16,Sant Antoni de Vilamajor,081982,Vallès Oriental,41,Barcelona,8.16,Ajuntament de Sant Antoni de Vilamajor,En tramitació,Sòl no urbanitzable,Supòsit d'AIA,En redacció DIA/IIA,,
FUE-2023-03250901,PSFV KM0 Das,Catalunya,2.03,2.44,Das,170617,Cerdanya,15,Alt Pirineu i Aran,2.44,"PARCS KM0 AGRUPACIÓ 2, S.L.",En tramitació,Sòl no urbanitzable,No supòsit d'AIA,Informat,,
FUE-2023-03260637,PSFV CASSA 1,Catalunya,5.28,9.9,Cassà de la Selva,170448,Gironès,20,Girona,9.9,Proyectos Solares Iberia IV S.L.,En tramitació,Sòl no urbanitzable,Supòsit d'AIA,Informació Pública (DOGC),,
FUE-2023-03265670,PSFV CASSA 2,Catalunya,5.28,10.36,Cassà de la Selva,170448,Gironès,20,Girona,10.36,Proyectos Solares Iberia IV S.L.,En tramitació,Sòl no urbanitzable,Supòsit d'AIA,Informació Pública (DOGC),,
FUE-2023-03272404,PSFV Vimbodí I,Catalunya,11.2,16.88,Vimbodí i Poblet,431763,Conca de Barberà,16,Camp de Tarragona,16.88,"San Isidro Solar 8, SL",En tramitació,Sòl no urbanitzable,Supòsit d'AIA,Informació Pública (DOGC),,
FUE-2023-03303612,PSFV Can Mata,Catalunya,2.85,4.58,"Hostalets de Pierola, els",081629,Anoia,06,Penedès,4.58,"Shizen Proyectos Sostenibles, SL",En tramitació,Sòl no urbanitzable,Supòsit d'AIA,Informació Pública (DOGC),,
FUE-2023-03317266,PSFV El Pla,Catalunya,5,6.79,Llagostera,170890,Gironès,20,Girona,4.68,"Alianza de Ingenieria y Desarrollo Renovable, SLU",En tramitació,Sòl no urbanitzable,Supòsit d'AIA,Informació Pública (DOGC),,
FUE-2023-03317266,PSFV El Pla,Catalunya,0,0,Cassà de la Selva,170448,Gironès,20,Girona,2.11,"Alianza de Ingenieria y Desarrollo Renovable, SLU",En tramitació,Sòl no urbanitzable,Supòsit d'AIA,Informació Pública (DOGC),,
FUE-2023-03337230,PSFV Riudecols,Catalunya,1.28,2.1,Riudecols,431286,Baix Camp,08,Camp de Tarragona,2.1,FAMITEX INVERSIONES SL,En tramitació,Sòl no urbanitzable,No supòsit d'AIA,Informació Pública (DOGC),,
FUE-2023-03346008,PSFV Espinalbet,Catalunya,2.25,4.12,Castellar del Riu,080500,Berguedà,14,Catalunya Central,4.12,"ESTABANELL GENERACIÓ, SLU",En tramitació,Sòl no urbanitzable,No supòsit d'AIA,Informat,,
FUE-2023-03355069,PSFV La Balmeta-Avinyó,Catalunya,2.1,3.58,Avinyó,080121,Bages,07,Catalunya Central,3.58,"LANGA LIGHT 1, SL",En tramitació,Sòl no urbanitzable,No supòsit d'AIA,Informat,,
FUE-2023-03360577,PSFV Serra Magre,Catalunya,5.334,6.42,Riudarenes,171485,Selva,34,Girona,6.42,"Electrogen Division, SLU",En tramitació,Sòl no urbanitzable,Supòsit d'AIA,DIA/IIA Finalitzats,03/10/2024,No cal AIA ordinària
FUE-2023-03364786,PSFV Osona I,Catalunya,5,9.95,"Masies de Roda, les",081167,Osona,24,Catalunya Central,7.3,"Capwatt Solar Esp 1, SL",En tramitació,Sòl no urbanitzable,Supòsit d'AIA,DIA/IIA Finalitzats,03/10/2024,No cal AIA ordinària
FUE-2023-03364786,PSFV Osona I,Catalunya,0,0,"Esquirol, l'",082541,Osona,24,Catalunya Central,2.65,"Capwatt Solar Esp 1, SL",En tramitació,Sòl no urbanitzable,Supòsit d'AIA,DIA/IIA Finalitzats,03/10/2024,No cal AIA ordinària
FUE-2023-03368581,PSFV Eguzki Manpray,Catalunya,4.95,9.99,Folgueroles,080832,Osona,24,Catalunya Central,9.99,"EGUZKI MANPRAY, SLU",En tramitació,Sòl no urbanitzable,Supòsit d'AIA,En redacció DIA/IIA,,
FUE-2023-03370138,PSFV Mas Guri,Catalunya,3,6.08,Cassà de la Selva,170448,Gironès,20,Girona,6.08,"Alianza de Ingenieria y Desarrollo Renovable, SLU",En tramitació,Sòl no urbanitzable,Supòsit d'AIA,Informació Pública (DOGC),,
FUE-2023-03373893,PSFV Bonaire,Catalunya,1.4,2.7,Terrassa,082798,Vallès Occidental,40,Barcelona,2.7,"SOLAR RENOVABLES DEL VALLES, S.L.",En tramitació,Sòl no urbanitzable,No supòsit d'AIA,Informat,,
FUE-2023-03403258,PSFV Sol de Vinatesa,Catalunya,5,8.27,Lleida,251207,Segrià,33,Lleida,8.27,"AVEOLIA, SL",En tramitació,Sòl no urbanitzable,Supòsit d'AIA,Informació Pública (DOGC),,
FUE-2023-03404314,PSFV El Serrat,Catalunya,1.5,2.05,Balsareny,080180,Bages,07,Catalunya Central,2.05,"Alianza de Ingeniería y Desarrollo Renovable, SLU",En tramitació,Sòl no urbanitzable,No supòsit d'AIA,Informat,,
FUE-2023-03406288,PSFV La Femosa,Catalunya,2.4,2.95,Lleida,251207,Segrià,33,Lleida,2.95,"Lux Ilerdensi Renovables, S.L.",En tramitació,Sòl no urbanitzable,No supòsit d'AIA,Informació Pública (DOGC),,
FUE-2023-03421354,PSFV Cambrils,Catalunya,5.94,8.82,Cambrils,430385,Baix Camp,08,Camp de Tarragona,8.82,EWD ENERGY FV I SOCIEDAD LIMITADA,En tramitació,Sòl no urbanitzable,Supòsit d'AIA,Informació Pública (DOGC),,
FUE-2023-03421377,PSFV La Selva,Catalunya,5.94,9.27,"Selva del Camp, la",431457,Baix Camp,08,Camp de Tarragona,9.27,EWD ENERGY FV I SOCIEDAD LIMITADA,En tramitació,Sòl no urbanitzable,Supòsit d'AIA,Informació Pública (DOGC),,
FUE-2023-03435613,PSFV Quintana,Catalunya,2.816,4.08,"Ametlla del Vallès, l'",080057,Vallès Oriental,41,Barcelona,4.08,"Arqueta Solar, S.L.",En tramitació,Sòl no urbanitzable,No supòsit d'AIA,Informat,,
FUE-2023-03440787,PSFV Martorell,Catalunya,2.85,3.68,Martorell,081141,Baix Llobregat,11,Barcelona,3.68,"ERASP SPAIN, SLU",En tramitació,Sòl no urbanitzable,Supòsit d'AIA,Informació Pública (DOGC),,
FUE-2023-03460826,PSFV EGK Serralada Camps del Cabo,Catalunya,4.95,10.65,Seva,082690,Osona,24,Catalunya Central,10.65,"EGUZKI SERRALADA, S.L.",En tramitació,Sòl no urbanitzable,Supòsit d'AIA,Informació Pública (DOGC),,
FUE-2023-03468623,PSFV El Tossalet,Catalunya,4.48,9.94,Albatàrrec,250077,Segrià,33,Lleida,9.94,"Concom Solar 01, S.L",En tramitació,Sòl no urbanitzable,Supòsit d'AIA,Informació Pública (DOGC),,
FUE-2023-03470035,PSFV OMYA,Catalunya,2.75,4.45,Castellet i la Gornal,080581,Alt Penedès,03,Penedès,4.45,"OMYA Clariana, SLU",En tramitació,Sòl no urbanitzable,No supòsit d'AIA,Informat,,
FUE-2023-03481974,PSFV La Plana 1,Catalunya,2.15,3.43,Piera,081614,Anoia,06,Penedès,3.43,"DELTA RENOVABLES, S.A.",En tramitació,Sòl no urbanitzable,Supòsit d'AIA,Informació Pública (DOGC),,
FUE-2023-03512551,PSFV El Magí,Catalunya,3.63,3.59,Manlleu,081120,Osona,24,Catalunya Central,3.59,ESTABANELL GENERACIÓ SLU,En tramitació,Sòl no urbanitzable,No supòsit d'AIA,Informat,,
FUE-2023-03546146,PSFV Sol de Perera,Catalunya,4.995,8.1,Lleida,251207,Segrià,33,Lleida,8.1,Fuerzas del Este S.L.,En tramitació,Sòl no urbanitzable,Supòsit d'AIA,Informació Pública (DOGC),,
FUE-2023-03564142,PSFV Flotant Bassa Reg Alcanó,Catalunya,0.688,0.45,Alcanó,250100,Segrià,33,Lleida,0.45,AGRIWATER SL,En tramitació,Sòl no urbanitzable,Supòsit d'AIA,Informació Pública (DOGC),,
FUE-2023-03564219,PSFV Argelaguer,Catalunya,4.35,4.48,Argelaguer,170101,Garrotxa,19,Girona,4.48,"Fundació Assistencial de Mutua de Terrassa, FPC",En tramitació,Sòl no urbanitzable,No supòsit d'AIA,Informat,,
FUE-2023-03564370,PSFV Flotant Bassa Reg Alfés,Catalunya,2.1,1.3,Alfés,250143,Segrià,33,Lleida,1.3,AGRIWATER SL,En tramitació,Sòl no urbanitzable,Supòsit d'AIA,DIA/IIA Finalitzats,01/08/2024,No cal AIA ordinària
FUE-2023-03570439,PSFV Pla de Seguers,Catalunya,4.8,5.99,Orís,081509,Osona,24,Catalunya Central,5.99,"ESTABANELL GENERACIO, SLU",En tramitació,Sòl no urbanitzable,Supòsit d'AIA,Informació Pública (DOGC),,
FUE-2023-03598581,PSFV Parsosy Los Prados,Catalunya,4.95,7.3,Reus,431233,Baix Camp,08,Camp de Tarragona,7.3,"PARSOSY LOS PRADOS, SL",En tramitació,Sòl no urbanitzable,Supòsit d'AIA,Informació Pública (DOGC),,
FUE-2023-03604114,PSFV Onyar Solar,Catalunya,4.95,7.28,Vilobí d'Onyar,172333,Selva,34,Girona,7.28,"RP ENERGÍA CUATRO, S.L.",En tramitació,Sòl no urbanitzable,Supòsit d'AIA,Informació Pública (DOGC),,
FUE-2023-03621390,PSFV Constantí-22,Catalunya,5.632,8.8,Constantí,430477,Tarragonès,36,Camp de Tarragona,8.8,IOSA GREEN ENERGY SL,En tramitació,Sòl no urbanitzable,Supòsit d'AIA,Informació Pública (DOGC),,
FUE-2024-03653748,PSFV Eguzki Voltregà,Catalunya,4.95,8.41,Santa Cecília de Voltregà,082439,Osona,24,Catalunya Central,8.41,"EGUZKI VOLTREGÀ, SLU",En tramitació,Sòl no urbanitzable,Supòsit d'AIA,Informació Pública (DOGC),,
FUE-2024-03722178,PSFV Torrent de Vinyoles,Catalunya,3.63,4.99,Sant Vicenç de Torelló,082652,Osona,24,Catalunya Central,4.99,ESTABANELL GENERACIÓ SLU,En tramitació,Sòl no urbanitzable,No supòsit d'AIA,Informat,,
FUE-2024-03733280,PSFV La Selva del Camp,Catalunya,2.464,3.57,"Selva del Camp, la",431457,Baix Camp,08,Camp de Tarragona,3.57,"INFORTECNIA 5000, S.L.",En tramitació,Sòl no urbanitzable,Supòsit d'AIA,Informació Pública (DOGC),,
FUE-2024-03784384,PSFV Congost,Catalunya,1.98,4.2,Centelles,080673,Osona,24,Catalunya Central,3.8,"ESTABANELL GENERACIÓ, SLU",En tramitació,Sòl no urbanitzable,No supòsit d'AIA,Informació Pública (DOGC),,
FUE-2024-03784384,PSFV Congost,Catalunya,0,0,Seva,082690,Osona,24,Catalunya Central,0.2,"ESTABANELL GENERACIÓ, SLU",En tramitació,Sòl no urbanitzable,No supòsit d'AIA,Informació Pública (DOGC),,
FUE-2024-03784384,PSFV Congost,Catalunya,0,0,Balenyà,080174,Osona,24,Catalunya Central,0.2,"ESTABANELL GENERACIÓ, SLU",En tramitació,Sòl no urbanitzable,No supòsit d'AIA,Informació Pública (DOGC),,
FUE-2024-03798577,PSFV EB1 Flix - La Devesa - Ampliació,Catalunya,1.023,2.305,Flix,430607,Ribera d'Ebre,30,Terres de l'Ebre,2.305,COMUNITAT DE REGANTS GARRIGUES SUD,En tramitació,Sòl no urbanitzable,No supòsit d'AIA,Informat,,
FUE-2024-03799837,PSFV d'autoconsum Regzota,Catalunya,4.96,6.35,"Pobla de Massaluca, la",431107,Terra Alta,37,Terres de l'Ebre,6.35,Comunitat de Regants REGZOTA,En tramitació,Sòl no urbanitzable,Supòsit d'AIA,Informació Pública (DOGC),,
FUE-2024-03833194,PSFV Mas Colomer,Catalunya,1.056,1.91,Vidreres,172137,Selva,34,Girona,1.91,"Bonanova Grup, SL",En tramitació,Sòl no urbanitzable,No supòsit d'AIA,Informació Pública (DOGC),,
FUE-2024-03854904,PSFV Edar Olot,Catalunya,0.15,0.23,Olot,171143,Garrotxa,19,Girona,0.23,"Aquambiente Servicios Sector Agua, SAU",En tramitació,Sòl no urbanitzable,No supòsit d'AIA,Informació Pública (DOGC),,
PFot-793 AC,PSFV BCN SOLAR 2,Ministerio,57.56,145,Passanant i Belltall,431016,Conca de Barberà,16,Camp de Tarragona,80,"EL VIAJE COMIENZA AQUÍ, S.L.",En tramitació,Sòl no urbanitzable,Supòsit d'AIA,Informat,,
PFot-793 AC,PSFV BCN SOLAR 2,Ministerio,0,0,Montblanc,430862,Conca de Barberà,16,Camp de Tarragona,37,"EL VIAJE COMIENZA AQUÍ, S.L.",En tramitació,Sòl no urbanitzable,Supòsit d'AIA,Informat,,
PFot-793 AC,PSFV BCN SOLAR 2,Ministerio,0,0,Vallfogona de Riucorb,431592,Conca de Barberà,16,Camp de Tarragona,14,"EL VIAJE COMIENZA AQUÍ, S.L.",En tramitació,Sòl no urbanitzable,Supòsit d'AIA,Informat,,
PFot-793 AC,PSFV BCN SOLAR 2,Ministerio,0,0,Ciutadilla,250740,Urgell,38,Lleida,10,"EL VIAJE COMIENZA AQUÍ, S.L.",En tramitació,Sòl no urbanitzable,Supòsit d'AIA,Informat,,
PFot-793 AC,PSFV BCN SOLAR 2,Ministerio,0,0,Vallbona de les Monges,252385,Urgell,38,Lleida,4,"EL VIAJE COMIENZA AQUÍ, S.L.",En tramitació,Sòl no urbanitzable,Supòsit d'AIA,Informat,,
PFot-793 AC,PSFV BCN SOLAR 1,Ministerio,115.12,258,Passanant i Belltall,431016,Conca de Barberà,16,Camp de Tarragona,168,"PASOS AGIGANTADOS, S.L.",En tramitació,Sòl no urbanitzable,Supòsit d'AIA,DIA/IIA Finalitzats,,DIA Favorable
PFot-793 AC,PSFV BCN SOLAR 1,Ministerio,0,0,Vallbona de les Monges,252385,Urgell,38,Lleida,54,"PASOS AGIGANTADOS, S.L.",En tramitació,Sòl no urbanitzable,Supòsit d'AIA,DIA/IIA Finalitzats,,DIA Favorable
PFot-793 AC,PSFV BCN SOLAR 1,Ministerio,0,0,Forès,430614,Conca de Barberà,16,Camp de Tarragona,34,"PASOS AGIGANTADOS, S.L.",En tramitació,Sòl no urbanitzable,Supòsit d'AIA,DIA/IIA Finalitzats,,DIA Favorable
PFot-793 AC,PSFV BCN SOLAR 1,Ministerio,0,0,Solivella,431476,Conca de Barberà,16,Camp de Tarragona,2,"PASOS AGIGANTADOS, S.L.",En tramitació,Sòl no urbanitzable,Supòsit d'AIA,DIA/IIA Finalitzats,,DIA Favorable
FUE-2020-01821772,PSFV Macarelleta Solar,Catalunya,47.5,90,"Albi, l'",250096,Garrigues,18,Lleida,90,"MACARELLETA SOLAR, S.L.",No autoritzat,Sòl no urbanitzable,Supòsit d'AIA,DIA/IIA Finalitzats,19/01/2023,DIA Desfavorable
FUE-2020-01833323,PSFV Llau dels Juncs,Catalunya,40,62.91,Isona i Conca Dellà,251155,Pallars Jussà,25,Alt Pirineu i Aran,62.91,"Energies Renovables Terra Ferma, SL",No autoritzat,Sòl no urbanitzable,Supòsit d'AIA,DIA/IIA Finalitzats,16/02/2023,DIA Desfavorable
FUE-2021-01931713,PSFV Geoide III,Catalunya,47.5,85,"Pla de Santa Maria, el",431080,Alt Camp,01,Camp de Tarragona,85,"Energia Geoide III, SL",No autoritzat,Sòl no urbanitzable,Supòsit d'AIA,DIA/IIA Finalitzats,06/10/2022,DIA Desfavorable
FUE-2021-01991170,PSFV Santa Llogaia 3,Catalunya,43,56.8,Ordis,171156,Alt Empordà,02,Girona,32.8,"Solar Growth, SL",No autoritzat,Sòl no urbanitzable,Supòsit d'AIA,DIA/IIA Finalitzats,15/06/2023,DIA Desfavorable
FUE-2021-01991170,PSFV Santa Llogaia 3,Catalunya,0,0,Navata,171117,Alt Empordà,02,Girona,24,"Solar Growth, SL",No autoritzat,Sòl no urbanitzable,Supòsit d'AIA,DIA/IIA Finalitzats,15/06/2023,DIA Desfavorable
FUE-2021-02049430,PSFV Tirasol 1,Catalunya,32.63,77.34,Tivissa,431508,Ribera d'Ebre,30,Terres de l'Ebre,77.34,"Centauri Energías Fotovoltaicas, S.L",No autoritzat,Sòl no urbanitzable,Supòsit d'AIA,DIA/IIA Finalitzats,19/07/2023,DIA Desfavorable
FUE-2021-02050090,PSFV Greentarraco 2,Catalunya,40.51,71.6,Tivissa,431508,Ribera d'Ebre,30,Terres de l'Ebre,71.6,Greencells Producción Fotovoltaica 3 S.L,No autoritzat,Sòl no urbanitzable,Supòsit d'AIA,DIA/IIA Finalitzats,05/10/2023,DIA Desfavorable
FUE-2021-02050397,PSFV Amepersol 1,Catalunya,27.62,48.5,"Perelló, el",431042,Baix Ebre,09,Terres de l'Ebre,48.5,UNOSIG ENERGÍAS S.L.,No autoritzat,Sòl no urbanitzable,Supòsit d'AIA,DIA/IIA Finalitzats,03/08/2023,DIA Favorable
FUE-2021-02050504,PSFV Amepersol 2,Catalunya,40,75.83,Rasquera,431212,Ribera d'Ebre,30,Terres de l'Ebre,75.83,UNOSIG ENERGÍAS S.L.,No autoritzat,Sòl no urbanitzable,Supòsit d'AIA,DIA/IIA Finalitzats,03/08/2023,DIA Desfavorable
FUE-2021-02050546,PSFV Raspersolar 2,Catalunya,21.8,33.4,"Ametlla de Mar, l'",430136,Baix Ebre,09,Terres de l'Ebre,33.4,NEOSOL TECNOLOGIA Y ENERGIA S.L.,No autoritzat,Sòl no urbanitzable,Supòsit d'AIA,DIA/IIA Finalitzats,05/10/2023,DIA Desfavorable
FUE-2021-02050624,PSFV Raspersolar-1,Catalunya,40,47.67,"Ametlla de Mar, l'",430136,Baix Ebre,09,Terres de l'Ebre,47.67,NEOSOL TECNOLOGIA Y ENERGIA SL,No autoritzat,Sòl no urbanitzable,Supòsit d'AIA,Informació Pública (DOGC),,
FUE-2021-02051935,PSFV Greentarraco 1,Catalunya,40.51,62.43,Rasquera,431212,Ribera d'Ebre,30,Terres de l'Ebre,35.88,GREENCELLS PRODUCCIÓN FOTOVOLTAICA 4 S.L.,No autoritzat,Sòl no urbanitzable,Supòsit d'AIA,DIA/IIA Finalitzats,05/10/2023,DIA Desfavorable
FUE-2021-02051935,PSFV Greentarraco 1,Catalunya,0,0,Tivissa,431508,Ribera d'Ebre,30,Terres de l'Ebre,13.28,GREENCELLS PRODUCCIÓN FOTOVOLTAICA 4 S.L.,No autoritzat,Sòl no urbanitzable,Supòsit d'AIA,DIA/IIA Finalitzats,05/10/2023,DIA Desfavorable
FUE-2021-02051935,PSFV Greentarraco 1,Catalunya,0,0,Ginestar,430672,Ribera d'Ebre,30,Terres de l'Ebre,13.27,GREENCELLS PRODUCCIÓN FOTOVOLTAICA 4 S.L.,No autoritzat,Sòl no urbanitzable,Supòsit d'AIA,DIA/IIA Finalitzats,05/10/2023,DIA Desfavorable
FUE-2021-02060221,PSFV Perafort Mapesol I,Catalunya,44.9,61.34,Alcover,430056,Alt Camp,01,Camp de Tarragona,52.6,"MAPESOL TERRA, SL",No autoritzat,Sòl no urbanitzable,Supòsit d'AIA,Informació Pública (DOGC),,
FUE-2021-02060221,PSFV Perafort Mapesol I,Catalunya,0,0,"Masó, la",430803,Alt Camp,01,Camp de Tarragona,8,"MAPESOL TERRA, SL",No autoritzat,Sòl no urbanitzable,Supòsit d'AIA,Informació Pública (DOGC),,
FUE-2021-02060221,PSFV Perafort Mapesol I,Catalunya,0,0,"Milà, el",430831,Alt Camp,01,Camp de Tarragona,0.74,"MAPESOL TERRA, SL",No autoritzat,Sòl no urbanitzable,Supòsit d'AIA,Informació Pública (DOGC),,
FUE-2021-02151174,PSFV Vall Morat,Catalunya,41,62.75,Manlleu,081120,Osona,24,Catalunya Central,50,MALPICA DIRECTORSHIP SL,No autoritzat,Sòl no urbanitzable,Supòsit d'AIA,DIA/IIA Finalitzats,03/08/2023,DIA Desfavorable
FUE-2021-02151174,PSFV Vall Morat,Catalunya,0,0,Folgueroles,080832,Osona,24,Catalunya Central,10,MALPICA DIRECTORSHIP SL,No autoritzat,Sòl no urbanitzable,Supòsit d'AIA,DIA/IIA Finalitzats,03/08/2023,DIA Desfavorable
FUE-2021-02151174,PSFV Vall Morat,Catalunya,0,0,Torelló,082858,Osona,24,Catalunya Central,2.75,MALPICA DIRECTORSHIP SL,No autoritzat,Sòl no urbanitzable,Supòsit d'AIA,DIA/IIA Finalitzats,03/08/2023,DIA Desfavorable
FUE-2021-02285672,PSFV Geoide II,Catalunya,26.6,41.35,Vallmoll,431606,Alt Camp,01,Camp de Tarragona,41.35,"Energia Geoide II, SL",No autoritzat,Sòl no urbanitzable,Supòsit d'AIA,DIA/IIA Finalitzats,02/03/2023,DIA Desfavorable
FUE-2022-02595241,PSFV Flix-Ascó V,Catalunya,20.46,30.7,Flix,430607,Ribera d'Ebre,30,Terres de l'Ebre,30.7,"SANMAD SONNE 3 ENCINA, SL",No autoritzat,Sòl no urbanitzable,Supòsit d'AIA,DIA/IIA Finalitzats,19/07/2024,DIA Desfavorable
FUE-2022-02619078,PSFV Paradis Solar,Catalunya,25,49.83,Nulles,430982,Alt Camp,01,Camp de Tarragona,19.16,"ENERGIA ARREBOL, SLU",No autoritzat,Sòl no urbanitzable,Supòsit d'AIA,DIA/IIA Finalitzats,01/08/2024,DIA Desfavorable
FUE-2022-02619078,PSFV Paradis Solar,Catalunya,0,0,Renau,431227,Tarragonès,36,Camp de Tarragona,12.33,"ENERGIA ARREBOL, SLU",No autoritzat,Sòl no urbanitzable,Supòsit d'AIA,DIA/IIA Finalitzats,01/08/2024,DIA Desfavorable
FUE-2022-02619078,PSFV Paradis Solar,Catalunya,0,0,Vallmoll,431606,Alt Camp,01,Camp de Tarragona,11.46,"ENERGIA ARREBOL, SLU",No autoritzat,Sòl no urbanitzable,Supòsit d'AIA,DIA/IIA Finalitzats,01/08/2024,DIA Desfavorable
FUE-2022-02619078,PSFV Paradis Solar,Catalunya,0,0,"Catllar, el",430430,Tarragonès,36,Camp de Tarragona,6.88,"ENERGIA ARREBOL, SLU",No autoritzat,Sòl no urbanitzable,Supòsit d'AIA,DIA/IIA Finalitzats,01/08/2024,DIA Desfavorable
FUE-2022-02661632,PSFV Ascó I,Catalunya,16.03,28.85,Ascó,430192,Ribera d'Ebre,30,Terres de l'Ebre,28.85,"BLUE VIKING LINDSEY, SL",No autoritzat,Sòl no urbanitzable,Supòsit d'AIA,DIA/IIA Finalitzats,19/07/2024,DIA Desfavorable
FUE-2022-02661642,PSFV Ascó II,Catalunya,16.09,24.75,Ascó,430192,Ribera d'Ebre,30,Terres de l'Ebre,24.75,"BLUE VIKING LISA, SL",No autoritzat,Sòl no urbanitzable,Supòsit d'AIA,DIA/IIA Finalitzats,19/07/2024,DIA Desfavorable
FUE-2022-02661646,PSFV Ascó III,Catalunya,16.03,24.82,Flix,430607,Ribera d'Ebre,30,Terres de l'Ebre,24.82,"BLUE VIKING LYA, SL",No autoritzat,Sòl no urbanitzable,Supòsit d'AIA,DIA/IIA Finalitzats,19/07/2024,DIA Desfavorable
